user_id,persona_group,step_index,timestamp,skill_id,item_id,difficulty,is_correct,attempts_count,time_taken_seconds,hint_used,prereq_mastery_proxy
syn_struggle_01,P-STRUGGLE,1,2026-10-01T15:42:59.463177,PY-BASICS-01,IT-B01-01,1,0,1,140.1,0,1.0
syn_struggle_01,P-STRUGGLE,2,2026-10-01T15:45:22.439496,PY-BASICS-01,IT-B01-02,1,1,2,115.6,2,1.0
syn_struggle_01,P-STRUGGLE,3,2026-10-01T15:48:16.383979,PY-BASICS-01,IT-B01-03,1,1,2,148.9,1,1.0
syn_struggle_01,P-STRUGGLE,4,2026-10-01T15:50:52.125184,PY-BASICS-01,IT-B01-04,2,0,1,107.6,1,1.0
syn_struggle_01,P-STRUGGLE,5,2026-10-01T15:52:53.676661,PY-BASICS-01,IT-B01-01,1,1,2,76.1,0,1.0
syn_struggle_01,P-STRUGGLE,6,2026-10-01T15:55:10.624742,PY-BASICS-01,IT-B01-02,1,1,1,81.8,1,1.0
syn_struggle_01,P-STRUGGLE,7,2026-10-01T15:56:57.836989,PY-BASICS-01,IT-B01-03,1,1,1,88.3,0,1.0
syn_struggle_01,P-STRUGGLE,8,2026-10-01T16:00:41.423471,PY-BASICS-02,IT-B02-01,1,0,2,189.6,1,0.7361
syn_struggle_01,P-STRUGGLE,9,2026-10-01T16:04:12.164346,PY-BASICS-02,IT-B02-02,2,0,5,194.4,1,0.7361
syn_struggle_01,P-STRUGGLE,10,2026-10-01T18:55:19.400648,PY-BASICS-02,IT-B02-03,2,1,4,294.2,1,0.7361
syn_struggle_01,P-STRUGGLE,11,2026-10-01T18:59:14.394767,PY-BASICS-02,IT-B02-04,3,1,4,218.8,2,0.7361
syn_struggle_01,P-STRUGGLE,12,2026-10-01T19:01:52.142461,PY-BASICS-02,IT-B02-01,1,0,3,133.8,0,0.7361
syn_struggle_01,P-STRUGGLE,13,2026-10-01T19:04:35.087261,PY-BASICS-02,IT-B02-02,2,0,1,118.7,0,0.7361
syn_struggle_01,P-STRUGGLE,14,2026-10-01T19:09:58.709628,PY-BASICS-02,IT-B02-03,2,0,3,284.1,1,0.7361
syn_struggle_01,P-STRUGGLE,15,2026-10-01T19:14:03.229456,PY-BASICS-03,IT-B03-01,1,1,2,219.6,2,0.7361
syn_struggle_01,P-STRUGGLE,16,2026-10-01T19:16:47.846412,PY-BASICS-03,IT-B03-02,2,1,2,123.1,1,0.7361
syn_struggle_01,P-STRUGGLE,17,2026-10-01T19:22:28.370783,PY-BASICS-03,IT-B03-03,2,1,3,289.1,2,0.7361
syn_struggle_01,P-STRUGGLE,18,2026-10-01T19:29:32.963227,PY-BASICS-03,IT-B03-04,3,1,5,409.3,1,0.7361
syn_struggle_01,P-STRUGGLE,19,2026-10-01T19:32:25.225093,PY-BASICS-03,IT-B03-01,1,0,1,121.0,0,0.7361
syn_struggle_01,P-STRUGGLE,20,2026-10-01T21:56:08.596015,PY-BASICS-03,IT-B03-02,2,0,3,114.7,1,0.7361
syn_struggle_01,P-STRUGGLE,21,2026-10-01T22:02:16.492592,PY-BASICS-03,IT-B03-03,2,1,5,345.9,1,0.7361
syn_struggle_01,P-STRUGGLE,22,2026-10-01T22:05:44.267180,PY-FLOW-01,IT-F01-01,2,0,1,149.7,0,0.693
syn_struggle_01,P-STRUGGLE,23,2026-10-01T22:07:54.513935,PY-FLOW-01,IT-F01-02,2,0,1,100.1,1,0.693
syn_struggle_01,P-STRUGGLE,24,2026-10-01T22:12:07.187498,PY-FLOW-01,IT-F01-03,2,1,2,233.5,0,0.693
syn_struggle_01,P-STRUGGLE,25,2026-10-01T22:19:16.839735,PY-FLOW-01,IT-F01-04,3,1,4,410.3,1,0.693
syn_struggle_01,P-STRUGGLE,26,2026-10-01T22:24:38.876981,PY-FLOW-01,IT-F01-01,2,1,2,268.9,0,0.693
syn_struggle_01,P-STRUGGLE,27,2026-10-01T22:29:58.144652,PY-FLOW-01,IT-F01-02,2,1,3,277.1,1,0.693
syn_struggle_01,P-STRUGGLE,28,2026-10-01T22:34:24.565424,PY-FLOW-01,IT-F01-03,2,1,2,215.1,2,0.693
syn_struggle_01,P-STRUGGLE,29,2026-10-01T22:38:45.803354,PY-FLOW-02,IT-F02-01,2,0,3,213.4,0,0.7499
syn_struggle_01,P-STRUGGLE,30,2026-10-02T02:40:50.275494,PY-FLOW-02,IT-F02-02,3,0,3,327.3,0,0.7499
syn_struggle_01,P-STRUGGLE,31,2026-10-02T02:47:42.609541,PY-FLOW-02,IT-F02-03,3,0,3,380.3,1,0.7499
syn_struggle_01,P-STRUGGLE,32,2026-10-02T02:51:50.751369,PY-FLOW-02,IT-F02-04,3,1,3,208.3,1,0.7499
syn_struggle_01,P-STRUGGLE,33,2026-10-02T02:58:56.874579,PY-FLOW-02,IT-F02-01,2,1,5,373.8,0,0.7499
syn_struggle_01,P-STRUGGLE,34,2026-10-02T03:06:20.507968,PY-FLOW-02,IT-F02-02,3,1,5,400.8,1,0.7499
syn_struggle_01,P-STRUGGLE,35,2026-10-02T03:13:57.684779,PY-FLOW-02,IT-F02-03,3,1,3,403.4,1,0.7499
syn_struggle_01,P-STRUGGLE,36,2026-10-02T03:20:51.665626,PY-FLOW-03,IT-F03-01,2,1,5,373.0,0,0.7499
syn_struggle_01,P-STRUGGLE,37,2026-10-02T03:26:06.371359,PY-FLOW-03,IT-F03-02,2,0,3,268.0,0,0.7499
syn_struggle_01,P-STRUGGLE,38,2026-10-02T03:31:08.033456,PY-FLOW-03,IT-F03-03,3,0,3,284.6,1,0.7499
syn_struggle_01,P-STRUGGLE,39,2026-10-02T03:35:04.088878,PY-FLOW-03,IT-F03-04,3,0,3,210.8,0,0.7499
syn_struggle_01,P-STRUGGLE,40,2026-10-02T05:23:06.439128,PY-FLOW-03,IT-F03-01,2,0,5,336.2,0,0.7499
syn_struggle_01,P-STRUGGLE,41,2026-10-02T05:26:35.314718,PY-FLOW-03,IT-F03-02,2,1,2,183.4,1,0.7499
syn_struggle_01,P-STRUGGLE,42,2026-10-02T05:29:51.659782,PY-FLOW-03,IT-F03-03,3,1,2,176.8,1,0.7499
syn_struggle_02,P-STRUGGLE,1,2026-10-01T11:26:19.165454,PY-BASICS-01,IT-B01-01,1,1,2,327.1,2,1.0
syn_struggle_02,P-STRUGGLE,2,2026-10-01T11:32:07.682902,PY-BASICS-01,IT-B01-02,1,0,4,317.1,0,1.0
syn_struggle_02,P-STRUGGLE,3,2026-10-01T11:35:46.541046,PY-BASICS-01,IT-B01-03,1,1,3,187.2,1,1.0
syn_struggle_02,P-STRUGGLE,4,2026-10-01T11:41:46.168862,PY-BASICS-01,IT-B01-04,2,1,4,335.2,1,1.0
syn_struggle_02,P-STRUGGLE,5,2026-10-01T11:43:46.482864,PY-BASICS-01,IT-B01-01,1,1,2,93.3,2,1.0
syn_struggle_02,P-STRUGGLE,6,2026-10-01T11:47:14.232320,PY-BASICS-01,IT-B01-02,1,0,1,150.6,1,1.0
syn_struggle_02,P-STRUGGLE,7,2026-10-01T11:49:11.793912,PY-BASICS-01,IT-B01-03,1,0,3,73.4,1,1.0
syn_struggle_02,P-STRUGGLE,8,2026-10-01T11:52:40.604807,PY-BASICS-02,IT-B02-01,1,0,3,166.4,1,0.5485
syn_struggle_02,P-STRUGGLE,9,2026-10-01T11:56:57.406046,PY-BASICS-02,IT-B02-02,2,0,3,234.1,1,0.5485
syn_struggle_02,P-STRUGGLE,10,2026-10-01T13:56:08.239196,PY-BASICS-02,IT-B02-03,2,0,4,232.4,1,0.5485
syn_struggle_02,P-STRUGGLE,11,2026-10-01T14:01:41.214691,PY-BASICS-02,IT-B02-04,3,0,3,300.9,0,0.5485
syn_struggle_02,P-STRUGGLE,12,2026-10-01T14:04:32.043242,PY-BASICS-02,IT-B02-01,1,0,2,111.3,1,0.5485
syn_struggle_02,P-STRUGGLE,13,2026-10-01T14:11:38.243231,PY-BASICS-02,IT-B02-02,2,0,5,382.4,1,0.5485
syn_struggle_02,P-STRUGGLE,14,2026-10-01T14:15:42.705969,PY-BASICS-02,IT-B02-03,2,0,2,204.4,0,0.5485
syn_struggle_02,P-STRUGGLE,15,2026-10-01T14:19:11.013610,PY-BASICS-03,IT-B03-01,1,0,2,162.5,2,0.5485
syn_struggle_02,P-STRUGGLE,16,2026-10-01T14:24:52.141946,PY-BASICS-03,IT-B03-02,2,0,4,288.2,0,0.5485
syn_struggle_02,P-STRUGGLE,17,2026-10-01T14:29:48.761942,PY-BASICS-03,IT-B03-03,2,1,5,246.7,0,0.5485
syn_struggle_02,P-STRUGGLE,18,2026-10-01T14:33:41.169105,PY-BASICS-03,IT-B03-04,3,0,3,207.1,0,0.5485
syn_struggle_02,P-STRUGGLE,19,2026-10-01T14:35:25.513616,PY-BASICS-03,IT-B03-01,1,1,1,87.9,1,0.5485
syn_struggle_02,P-STRUGGLE,20,2026-10-01T16:50:36.676887,PY-BASICS-03,IT-B03-02,2,0,3,272.3,1,0.5485
syn_struggle_02,P-STRUGGLE,21,2026-10-01T16:53:36.271115,PY-BASICS-03,IT-B03-03,2,1,3,155.1,1,0.5485
syn_struggle_02,P-STRUGGLE,22,2026-10-01T16:57:57.902052,PY-FLOW-01,IT-F01-01,2,0,3,204.2,0,0.4503
syn_struggle_02,P-STRUGGLE,23,2026-10-01T17:01:47.038595,PY-FLOW-01,IT-F01-02,2,0,2,174.7,0,0.4503
syn_struggle_02,P-STRUGGLE,24,2026-10-01T17:04:32.799100,PY-FLOW-01,IT-F01-03,2,1,2,136.6,1,0.4503
syn_struggle_02,P-STRUGGLE,25,2026-10-01T17:09:34.693840,PY-FLOW-01,IT-F01-04,3,0,3,257.4,0,0.4503
syn_struggle_02,P-STRUGGLE,26,2026-10-01T17:13:24.297276,PY-FLOW-01,IT-F01-01,2,1,2,196.8,0,0.4503
syn_struggle_02,P-STRUGGLE,27,2026-10-01T17:18:31.251918,PY-FLOW-01,IT-F01-02,2,0,3,250.8,0,0.4503
syn_struggle_02,P-STRUGGLE,28,2026-10-01T17:21:16.900251,PY-FLOW-01,IT-F01-03,2,0,1,130.0,1,0.4503
syn_struggle_02,P-STRUGGLE,29,2026-10-01T17:26:55.719858,PY-FLOW-02,IT-F02-01,2,1,5,311.9,2,0.2846
syn_struggle_02,P-STRUGGLE,30,2026-10-01T20:24:44.331303,PY-FLOW-02,IT-F02-02,3,0,2,190.2,1,0.2846
syn_struggle_02,P-STRUGGLE,31,2026-10-01T20:29:15.554675,PY-FLOW-02,IT-F02-03,3,0,4,244.4,0,0.2846
syn_struggle_02,P-STRUGGLE,32,2026-10-01T20:34:12.161045,PY-FLOW-02,IT-F02-04,3,0,1,255.3,0,0.2846
syn_struggle_02,P-STRUGGLE,33,2026-10-01T20:37:27.263075,PY-FLOW-02,IT-F02-01,2,0,1,139.7,2,0.2846
syn_struggle_02,P-STRUGGLE,34,2026-10-01T20:40:38.236098,PY-FLOW-02,IT-F02-02,3,0,1,158.0,0,0.2846
syn_struggle_02,P-STRUGGLE,35,2026-10-01T20:46:09.005532,PY-FLOW-02,IT-F02-03,3,0,5,305.9,1,0.2846
syn_struggle_02,P-STRUGGLE,36,2026-10-01T20:51:03.394724,PY-FLOW-03,IT-F03-01,2,0,2,234.5,0,0.2846
syn_struggle_02,P-STRUGGLE,37,2026-10-01T20:55:59.923407,PY-FLOW-03,IT-F03-02,2,0,2,258.6,0,0.2846
syn_struggle_02,P-STRUGGLE,38,2026-10-01T21:01:07.714331,PY-FLOW-03,IT-F03-03,3,0,3,288.7,2,0.2846
syn_struggle_03,P-STRUGGLE,1,2026-10-01T08:38:43.161629,PY-BASICS-01,IT-B01-01,1,1,3,267.8,1,1.0
syn_struggle_03,P-STRUGGLE,2,2026-10-01T08:41:21.496701,PY-BASICS-01,IT-B01-02,1,1,2,115.1,2,1.0
syn_struggle_03,P-STRUGGLE,3,2026-10-01T08:46:02.440272,PY-BASICS-01,IT-B01-03,1,0,3,230.3,0,1.0
syn_struggle_03,P-STRUGGLE,4,2026-10-01T08:48:09.037471,PY-BASICS-01,IT-B01-04,2,0,1,92.6,1,1.0
syn_struggle_03,P-STRUGGLE,5,2026-10-01T08:50:19.196218,PY-BASICS-01,IT-B01-01,1,1,1,112.3,1,1.0
syn_struggle_03,P-STRUGGLE,6,2026-10-01T08:52:24.869086,PY-BASICS-01,IT-B01-02,1,1,1,93.5,1,1.0
syn_struggle_03,P-STRUGGLE,7,2026-10-01T08:55:25.294548,PY-BASICS-01,IT-B01-03,1,1,1,120.6,0,1.0
syn_struggle_03,P-STRUGGLE,8,2026-10-01T08:58:59.304694,PY-BASICS-02,IT-B02-01,1,1,2,175.2,1,0.7229
syn_struggle_03,P-STRUGGLE,9,2026-10-01T09:02:50.003221,PY-BASICS-02,IT-B02-02,2,0,3,172.0,1,0.7229
syn_struggle_03,P-STRUGGLE,10,2026-10-01T10:39:04.167505,PY-BASICS-02,IT-B02-03,2,0,2,217.1,0,0.7229
syn_struggle_03,P-STRUGGLE,11,2026-10-01T10:43:00.899987,PY-BASICS-02,IT-B02-04,3,1,2,189.3,0,0.7229
syn_struggle_03,P-STRUGGLE,12,2026-10-01T10:45:44.076954,PY-BASICS-02,IT-B02-01,1,1,1,117.5,1,0.7229
syn_struggle_03,P-STRUGGLE,13,2026-10-01T10:49:17.240619,PY-BASICS-02,IT-B02-02,2,0,3,174.0,0,0.7229
syn_struggle_03,P-STRUGGLE,14,2026-10-01T10:52:35.047753,PY-BASICS-02,IT-B02-03,2,1,3,170.8,1,0.7229
syn_struggle_03,P-STRUGGLE,15,2026-10-01T10:56:51.191034,PY-BASICS-03,IT-B03-01,1,0,4,212.3,1,0.7229
syn_struggle_03,P-STRUGGLE,16,2026-10-01T10:58:54.210882,PY-BASICS-03,IT-B03-02,2,0,1,103.0,1,0.7229
syn_struggle_03,P-STRUGGLE,17,2026-10-01T11:01:32.975318,PY-BASICS-03,IT-B03-03,2,0,2,124.2,0,0.7229
syn_struggle_03,P-STRUGGLE,18,2026-10-01T11:05:16.192885,PY-BASICS-03,IT-B03-04,3,1,2,187.8,0,0.7229
syn_struggle_03,P-STRUGGLE,19,2026-10-01T11:08:40.214602,PY-BASICS-03,IT-B03-01,1,1,3,146.1,1,0.7229
syn_struggle_03,P-STRUGGLE,20,2026-10-01T13:22:17.929441,PY-BASICS-03,IT-B03-02,2,1,3,192.8,1,0.7229
syn_struggle_03,P-STRUGGLE,21,2026-10-01T13:28:21.555816,PY-BASICS-03,IT-B03-03,2,0,4,326.1,1,0.7229
syn_struggle_03,P-STRUGGLE,22,2026-10-01T13:30:58.295151,PY-FLOW-01,IT-F01-01,2,0,1,133.7,1,0.4492
syn_struggle_03,P-STRUGGLE,23,2026-10-01T13:36:26.263404,PY-FLOW-01,IT-F01-02,2,0,3,271.9,1,0.4492
syn_struggle_03,P-STRUGGLE,24,2026-10-01T13:43:16.436740,PY-FLOW-01,IT-F01-03,2,1,4,356.0,1,0.4492
syn_struggle_03,P-STRUGGLE,25,2026-10-01T13:48:12.866756,PY-FLOW-01,IT-F01-04,3,0,2,268.0,1,0.4492
syn_struggle_03,P-STRUGGLE,26,2026-10-01T13:51:55.919483,PY-FLOW-01,IT-F01-01,2,0,2,179.3,0,0.4492
syn_struggle_03,P-STRUGGLE,27,2026-10-01T13:56:12.523143,PY-FLOW-01,IT-F01-02,2,1,3,214.2,2,0.4492
syn_struggle_03,P-STRUGGLE,28,2026-10-01T13:59:16.600910,PY-FLOW-01,IT-F01-03,2,0,4,162.2,2,0.4492
syn_struggle_03,P-STRUGGLE,29,2026-10-01T14:03:51.513896,PY-FLOW-02,IT-F02-01,2,0,3,225.6,1,0.2925
syn_struggle_03,P-STRUGGLE,30,2026-10-01T17:33:51.124260,PY-FLOW-02,IT-F02-02,3,0,2,152.7,2,0.2925
syn_struggle_03,P-STRUGGLE,31,2026-10-01T17:40:43.290175,PY-FLOW-02,IT-F02-03,3,0,3,373.3,2,0.2925
syn_struggle_03,P-STRUGGLE,32,2026-10-01T17:44:00.315910,PY-FLOW-02,IT-F02-04,3,0,1,182.0,1,0.2925
syn_struggle_03,P-STRUGGLE,33,2026-10-01T17:48:32.002933,PY-FLOW-02,IT-F02-01,2,1,3,242.1,2,0.2925
syn_struggle_03,P-STRUGGLE,34,2026-10-01T17:55:04.879386,PY-FLOW-02,IT-F02-02,3,1,4,377.0,0,0.2925
syn_struggle_03,P-STRUGGLE,35,2026-10-01T18:06:40.388824,PY-FLOW-02,IT-F02-03,3,1,5,638.7,1,0.2925
syn_struggle_03,P-STRUGGLE,36,2026-10-01T18:11:44.631309,PY-FLOW-03,IT-F03-01,2,0,2,249.7,1,0.2925
syn_struggle_03,P-STRUGGLE,37,2026-10-01T18:17:04.156258,PY-FLOW-03,IT-F03-02,2,0,3,267.1,0,0.2925
syn_struggle_03,P-STRUGGLE,38,2026-10-01T18:23:17.794394,PY-FLOW-03,IT-F03-03,3,0,4,344.8,0,0.2925
syn_struggle_03,P-STRUGGLE,39,2026-10-01T18:29:44.201026,PY-FLOW-03,IT-F03-04,3,1,3,368.8,1,0.2925
syn_struggle_03,P-STRUGGLE,40,2026-10-01T22:25:14.256466,PY-FLOW-03,IT-F03-01,2,0,3,153.0,1,0.2925
syn_struggle_03,P-STRUGGLE,41,2026-10-01T22:29:46.110871,PY-FLOW-03,IT-F03-02,2,1,4,253.0,1,0.2925
syn_struggle_03,P-STRUGGLE,42,2026-10-01T22:35:01.380442,PY-FLOW-03,IT-F03-03,3,1,4,278.4,1,0.2925
syn_struggle_03,P-STRUGGLE,43,2026-10-01T22:39:48.695005,PY-FLOW-03,IT-F03-04,3,0,3,269.2,0,0.2925
syn_struggle_03,P-STRUGGLE,44,2026-10-01T22:44:18.822102,PY-FLOW-03,IT-F03-01,2,1,3,220.9,0,0.2925
syn_struggle_03,P-STRUGGLE,45,2026-10-01T22:47:00.284651,PY-FLOW-03,IT-F03-02,2,0,1,112.0,1,0.2925
syn_struggle_04,P-STRUGGLE,1,2026-10-01T09:36:31.898973,PY-BASICS-01,IT-B01-01,1,1,5,209.0,1,1.0
syn_struggle_04,P-STRUGGLE,2,2026-10-01T09:39:18.740135,PY-BASICS-01,IT-B01-02,1,1,2,127.1,1,1.0
syn_struggle_04,P-STRUGGLE,3,2026-10-01T09:41:21.367683,PY-BASICS-01,IT-B01-03,1,0,1,95.7,1,1.0
syn_struggle_04,P-STRUGGLE,4,2026-10-01T09:46:48.627170,PY-BASICS-01,IT-B01-04,2,1,3,273.0,0,1.0
syn_struggle_04,P-STRUGGLE,5,2026-10-01T09:49:05.468377,PY-BASICS-01,IT-B01-01,1,0,2,102.8,0,1.0
syn_struggle_04,P-STRUGGLE,6,2026-10-01T09:51:13.099296,PY-BASICS-01,IT-B01-02,1,0,1,103.1,1,1.0
syn_struggle_04,P-STRUGGLE,7,2026-10-01T09:53:01.867620,PY-BASICS-01,IT-B01-03,1,0,1,69.5,2,1.0
syn_struggle_04,P-STRUGGLE,8,2026-10-01T09:58:13.214518,PY-BASICS-02,IT-B02-01,1,1,4,263.5,1,0.3922
syn_struggle_04,P-STRUGGLE,9,2026-10-01T10:03:46.966316,PY-BASICS-02,IT-B02-02,2,1,5,309.7,0,0.3922
syn_struggle_04,P-STRUGGLE,10,2026-10-01T14:05:05.237759,PY-BASICS-02,IT-B02-03,2,0,1,92.9,1,0.3922
syn_struggle_04,P-STRUGGLE,11,2026-10-01T14:08:35.082272,PY-BASICS-02,IT-B02-04,3,0,1,165.6,1,0.3922
syn_struggle_04,P-STRUGGLE,12,2026-10-01T14:12:05.696776,PY-BASICS-02,IT-B02-01,1,0,3,175.9,1,0.3922
syn_struggle_04,P-STRUGGLE,13,2026-10-01T14:16:28.387689,PY-BASICS-02,IT-B02-02,2,0,2,224.4,0,0.3922
syn_struggle_04,P-STRUGGLE,14,2026-10-01T14:18:46.432878,PY-BASICS-02,IT-B02-03,2,0,1,117.6,1,0.3922
syn_struggle_04,P-STRUGGLE,15,2026-10-01T14:21:43.944258,PY-BASICS-03,IT-B03-01,1,0,1,152.4,0,0.3922
syn_struggle_04,P-STRUGGLE,16,2026-10-01T14:26:48.858108,PY-BASICS-03,IT-B03-02,2,1,5,274.7,1,0.3922
syn_struggle_04,P-STRUGGLE,17,2026-10-01T14:31:19.932000,PY-BASICS-03,IT-B03-03,2,1,3,229.6,1,0.3922
syn_struggle_04,P-STRUGGLE,18,2026-10-01T14:37:03.087163,PY-BASICS-03,IT-B03-04,3,0,3,317.8,0,0.3922
syn_struggle_04,P-STRUGGLE,19,2026-10-01T14:40:36.496945,PY-BASICS-03,IT-B03-01,1,1,3,188.5,0,0.3922
syn_struggle_04,P-STRUGGLE,20,2026-10-01T17:50:25.318249,PY-BASICS-03,IT-B03-02,2,1,3,290.7,0,0.3922
syn_struggle_04,P-STRUGGLE,21,2026-10-01T17:55:28.820629,PY-BASICS-03,IT-B03-03,2,0,4,278.2,0,0.3922
syn_struggle_04,P-STRUGGLE,22,2026-10-01T18:01:22.764530,PY-FLOW-01,IT-F01-01,2,0,2,298.2,2,0.5703
syn_struggle_04,P-STRUGGLE,23,2026-10-01T18:07:44.448123,PY-FLOW-01,IT-F01-02,2,1,5,328.0,1,0.5703
syn_struggle_04,P-STRUGGLE,24,2026-10-01T18:10:17.836704,PY-FLOW-01,IT-F01-03,2,1,2,135.2,1,0.5703
syn_struggle_04,P-STRUGGLE,25,2026-10-01T18:18:31.546913,PY-FLOW-01,IT-F01-04,3,1,4,468.0,0,0.5703
syn_struggle_04,P-STRUGGLE,26,2026-10-01T18:23:04.050913,PY-FLOW-01,IT-F01-01,2,0,3,227.4,0,0.5703
syn_struggle_04,P-STRUGGLE,27,2026-10-01T18:28:19.391569,PY-FLOW-01,IT-F01-02,2,0,3,290.7,0,0.5703
syn_struggle_04,P-STRUGGLE,28,2026-10-01T18:32:43.445602,PY-FLOW-01,IT-F01-03,2,0,4,243.1,1,0.5703
syn_struggle_04,P-STRUGGLE,29,2026-10-01T18:36:42.943743,PY-FLOW-02,IT-F02-01,2,0,1,182.4,1,0.4054
syn_struggle_04,P-STRUGGLE,30,2026-10-01T21:23:00.379919,PY-FLOW-02,IT-F02-02,3,0,2,282.7,2,0.4054
syn_struggle_04,P-STRUGGLE,31,2026-10-01T21:28:16.587793,PY-FLOW-02,IT-F02-03,3,0,3,265.9,0,0.4054
syn_struggle_04,P-STRUGGLE,32,2026-10-01T21:33:07.925158,PY-FLOW-02,IT-F02-04,3,0,3,240.0,0,0.4054
syn_struggle_04,P-STRUGGLE,33,2026-10-01T21:36:04.193604,PY-FLOW-02,IT-F02-01,2,0,2,152.7,0,0.4054
syn_struggle_04,P-STRUGGLE,34,2026-10-01T21:42:05.855491,PY-FLOW-02,IT-F02-02,3,0,3,342.3,0,0.4054
syn_struggle_04,P-STRUGGLE,35,2026-10-01T21:48:44.852794,PY-FLOW-02,IT-F02-03,3,1,3,364.6,2,0.4054
syn_struggle_04,P-STRUGGLE,36,2026-10-01T21:52:49.213832,PY-FLOW-03,IT-F03-01,2,0,1,210.3,1,0.4054
syn_struggle_04,P-STRUGGLE,37,2026-10-01T21:55:44.629942,PY-FLOW-03,IT-F03-02,2,0,1,139.4,0,0.4054
syn_struggle_04,P-STRUGGLE,38,2026-10-01T21:59:44.538355,PY-FLOW-03,IT-F03-03,3,0,1,192.1,1,0.4054
syn_struggle_04,P-STRUGGLE,39,2026-10-01T22:02:33.739760,PY-FLOW-03,IT-F03-04,3,0,1,123.9,2,0.4054
syn_struggle_04,P-STRUGGLE,40,2026-10-01T23:53:59.688035,PY-FLOW-03,IT-F03-01,2,0,4,340.9,0,0.4054
syn_struggle_04,P-STRUGGLE,41,2026-10-02T00:00:25.305993,PY-FLOW-03,IT-F03-02,2,0,5,352.5,0,0.4054
syn_struggle_05,P-STRUGGLE,1,2026-10-01T12:08:34.647817,PY-BASICS-01,IT-B01-01,1,1,4,203.0,0,1.0
syn_struggle_05,P-STRUGGLE,2,2026-10-01T12:11:33.637352,PY-BASICS-01,IT-B01-02,1,0,3,152.8,1,1.0
syn_struggle_05,P-STRUGGLE,3,2026-10-01T12:15:28.496753,PY-BASICS-01,IT-B01-03,1,0,4,211.3,0,1.0
syn_struggle_05,P-STRUGGLE,4,2026-10-01T12:18:00.784363,PY-BASICS-01,IT-B01-04,2,0,1,117.1,0,1.0
syn_struggle_05,P-STRUGGLE,5,2026-10-01T12:20:13.969037,PY-BASICS-01,IT-B01-01,1,1,1,99.2,1,1.0
syn_struggle_05,P-STRUGGLE,6,2026-10-01T12:24:45.503569,PY-BASICS-01,IT-B01-02,1,0,3,244.0,0,1.0
syn_struggle_05,P-STRUGGLE,7,2026-10-01T12:26:45.244859,PY-BASICS-01,IT-B01-03,1,1,1,93.5,0,1.0
syn_struggle_05,P-STRUGGLE,8,2026-10-01T12:30:32.291811,PY-BASICS-02,IT-B02-01,1,0,1,170.5,0,0.4372
syn_struggle_05,P-STRUGGLE,9,2026-10-01T12:35:52.332695,PY-BASICS-02,IT-B02-02,2,0,3,285.1,1,0.4372
syn_struggle_05,P-STRUGGLE,10,2026-10-01T15:32:59.221217,PY-BASICS-02,IT-B02-03,2,1,3,220.2,2,0.4372
syn_struggle_05,P-STRUGGLE,11,2026-10-01T15:37:11.397692,PY-BASICS-02,IT-B02-04,3,1,2,234.9,0,0.4372
syn_struggle_05,P-STRUGGLE,12,2026-10-01T15:41:18.565403,PY-BASICS-02,IT-B02-01,1,1,3,187.2,0,0.4372
syn_struggle_05,P-STRUGGLE,13,2026-10-01T15:46:39.286644,PY-BASICS-02,IT-B02-02,2,0,4,268.1,2,0.4372
syn_struggle_05,P-STRUGGLE,14,2026-10-01T15:51:42.491476,PY-BASICS-02,IT-B02-03,2,0,3,244.6,2,0.4372
syn_struggle_05,P-STRUGGLE,15,2026-10-01T15:54:39.177990,PY-BASICS-03,IT-B03-01,1,0,1,120.0,1,0.4372
syn_struggle_05,P-STRUGGLE,16,2026-10-01T15:58:20.469298,PY-BASICS-03,IT-B03-02,2,1,2,168.1,2,0.4372
syn_struggle_05,P-STRUGGLE,17,2026-10-01T16:02:30.253298,PY-BASICS-03,IT-B03-03,2,1,4,227.3,1,0.4372
syn_struggle_05,P-STRUGGLE,18,2026-10-01T16:09:55.607149,PY-BASICS-03,IT-B03-04,3,1,3,408.5,1,0.4372
syn_struggle_05,P-STRUGGLE,19,2026-10-01T16:13:02.125777,PY-BASICS-03,IT-B03-01,1,1,2,161.9,1,0.4372
syn_struggle_05,P-STRUGGLE,20,2026-10-01T17:54:39.491190,PY-BASICS-03,IT-B03-02,2,1,2,136.6,1,0.4372
syn_struggle_05,P-STRUGGLE,21,2026-10-01T17:57:11.044980,PY-BASICS-03,IT-B03-03,2,0,1,119.5,1,0.4372
syn_struggle_05,P-STRUGGLE,22,2026-10-01T18:02:16.983878,PY-FLOW-01,IT-F01-01,2,0,2,246.6,1,0.7124
syn_struggle_05,P-STRUGGLE,23,2026-10-01T18:06:33.618016,PY-FLOW-01,IT-F01-02,2,0,4,229.7,0,0.7124
syn_struggle_05,P-STRUGGLE,24,2026-10-01T18:11:29.001193,PY-FLOW-01,IT-F01-03,2,0,5,245.1,0,0.7124
syn_struggle_05,P-STRUGGLE,25,2026-10-01T18:14:25.976570,PY-FLOW-01,IT-F01-04,3,0,1,141.5,0,0.7124
syn_struggle_05,P-STRUGGLE,26,2026-10-01T18:21:56.711907,PY-FLOW-01,IT-F01-01,2,1,5,416.7,0,0.7124
syn_struggle_05,P-STRUGGLE,27,2026-10-01T18:24:59.491201,PY-FLOW-01,IT-F01-02,2,0,1,124.7,0,0.7124
syn_struggle_05,P-STRUGGLE,28,2026-10-01T18:29:30.185222,PY-FLOW-01,IT-F01-03,2,1,5,210.9,2,0.7124
syn_struggle_05,P-STRUGGLE,29,2026-10-01T18:35:02.694797,PY-FLOW-02,IT-F02-01,2,1,4,292.5,2,0.3153
syn_struggle_05,P-STRUGGLE,30,2026-10-01T20:31:43.694596,PY-FLOW-02,IT-F02-02,3,0,1,160.5,0,0.3153
syn_struggle_05,P-STRUGGLE,31,2026-10-01T20:38:28.146448,PY-FLOW-02,IT-F02-03,3,0,3,376.1,2,0.3153
syn_struggle_05,P-STRUGGLE,32,2026-10-01T20:45:02.738369,PY-FLOW-02,IT-F02-04,3,1,4,336.0,2,0.3153
syn_struggle_05,P-STRUGGLE,33,2026-10-01T20:50:48.001482,PY-FLOW-02,IT-F02-01,2,1,4,304.2,1,0.3153
syn_struggle_05,P-STRUGGLE,34,2026-10-01T20:53:56.400266,PY-FLOW-02,IT-F02-02,3,0,1,149.0,1,0.3153
syn_struggle_05,P-STRUGGLE,35,2026-10-01T21:02:36.459166,PY-FLOW-02,IT-F02-03,3,0,3,471.4,0,0.3153
syn_struggle_05,P-STRUGGLE,36,2026-10-01T21:07:34.931603,PY-FLOW-03,IT-F03-01,2,0,3,280.9,1,0.3153
syn_struggle_05,P-STRUGGLE,37,2026-10-01T21:11:08.219595,PY-FLOW-03,IT-F03-02,2,0,3,172.0,0,0.3153
syn_struggle_06,P-STRUGGLE,1,2026-10-01T14:06:57.308937,PY-BASICS-01,IT-B01-01,1,0,3,240.8,0,1.0
syn_struggle_06,P-STRUGGLE,2,2026-10-01T14:09:10.593410,PY-BASICS-01,IT-B01-02,1,0,2,111.2,1,1.0
syn_struggle_06,P-STRUGGLE,3,2026-10-01T14:13:38.628461,PY-BASICS-01,IT-B01-03,1,1,2,209.8,0,1.0
syn_struggle_06,P-STRUGGLE,4,2026-10-01T14:19:30.533477,PY-BASICS-01,IT-B01-04,2,0,5,333.3,0,1.0
syn_struggle_06,P-STRUGGLE,5,2026-10-01T14:22:19.395600,PY-BASICS-01,IT-B01-01,1,1,2,145.5,0,1.0
syn_struggle_06,P-STRUGGLE,6,2026-10-01T14:25:09.072180,PY-BASICS-01,IT-B01-02,1,1,2,127.9,1,1.0
syn_struggle_06,P-STRUGGLE,7,2026-10-01T14:29:31.556745,PY-BASICS-01,IT-B01-03,1,0,4,217.1,0,1.0
syn_struggle_06,P-STRUGGLE,8,2026-10-01T14:33:56.540920,PY-BASICS-02,IT-B02-01,1,0,4,239.4,0,0.4421
syn_struggle_06,P-STRUGGLE,9,2026-10-01T14:38:48.035818,PY-BASICS-02,IT-B02-02,2,1,4,271.1,1,0.4421
syn_struggle_06,P-STRUGGLE,10,2026-10-01T16:52:01.036877,PY-BASICS-02,IT-B02-03,2,1,5,322.0,1,0.4421
syn_struggle_06,P-STRUGGLE,11,2026-10-01T16:56:16.790239,PY-BASICS-02,IT-B02-04,3,0,1,214.0,1,0.4421
syn_struggle_06,P-STRUGGLE,12,2026-10-01T16:59:30.462407,PY-BASICS-02,IT-B02-01,1,1,2,150.8,1,0.4421
syn_struggle_06,P-STRUGGLE,13,2026-10-01T17:03:41.527528,PY-BASICS-02,IT-B02-02,2,1,2,217.2,0,0.4421
syn_struggle_06,P-STRUGGLE,14,2026-10-01T17:06:48.192781,PY-BASICS-02,IT-B02-03,2,0,2,145.4,0,0.4421
syn_struggle_06,P-STRUGGLE,15,2026-10-01T17:11:19.818003,PY-BASICS-03,IT-B03-01,1,1,4,233.1,1,0.4421
syn_struggle_06,P-STRUGGLE,16,2026-10-01T17:14:20.879785,PY-BASICS-03,IT-B03-02,2,0,1,124.0,0,0.4421
syn_struggle_06,P-STRUGGLE,17,2026-10-01T17:18:19.171449,PY-BASICS-03,IT-B03-03,2,1,3,214.1,0,0.4421
syn_struggle_06,P-STRUGGLE,18,2026-10-01T17:22:17.600080,PY-BASICS-03,IT-B03-04,3,0,2,191.2,1,0.4421
syn_struggle_06,P-STRUGGLE,19,2026-10-01T17:26:06.540948,PY-BASICS-03,IT-B03-01,1,0,4,203.2,0,0.4421
syn_struggle_06,P-STRUGGLE,20,2026-10-01T20:40:30.663318,PY-BASICS-03,IT-B03-02,2,0,3,186.1,0,0.4421
syn_struggle_06,P-STRUGGLE,21,2026-10-01T20:45:37.763187,PY-BASICS-03,IT-B03-03,2,0,3,278.6,0,0.4421
syn_struggle_06,P-STRUGGLE,22,2026-10-01T20:50:44.091161,PY-FLOW-01,IT-F01-01,2,0,3,277.1,0,0.2568
syn_struggle_06,P-STRUGGLE,23,2026-10-01T20:55:08.525063,PY-FLOW-01,IT-F01-02,2,0,3,215.6,1,0.2568
syn_struggle_06,P-STRUGGLE,24,2026-10-01T20:57:29.389503,PY-FLOW-01,IT-F01-03,2,0,2,122.6,1,0.2568
syn_struggle_06,P-STRUGGLE,25,2026-10-01T21:00:58.912352,PY-FLOW-01,IT-F01-04,3,0,3,173.9,0,0.2568
syn_struggle_06,P-STRUGGLE,26,2026-10-01T21:03:49.742802,PY-FLOW-01,IT-F01-01,2,0,1,110.9,0,0.2568
syn_struggle_06,P-STRUGGLE,27,2026-10-01T21:07:05.767142,PY-FLOW-01,IT-F01-02,2,1,2,136.2,1,0.2568
syn_struggle_06,P-STRUGGLE,28,2026-10-01T21:14:35.263874,PY-FLOW-01,IT-F01-03,2,1,5,431.2,0,0.2568
syn_struggle_06,P-STRUGGLE,29,2026-10-01T21:18:34.355818,PY-FLOW-02,IT-F02-01,2,0,3,214.5,0,0.3232
syn_struggle_06,P-STRUGGLE,30,2026-10-02T01:13:33.424239,PY-FLOW-02,IT-F02-02,3,1,3,272.8,2,0.3232
syn_struggle_06,P-STRUGGLE,31,2026-10-02T01:18:59.263127,PY-FLOW-02,IT-F02-03,3,0,4,271.2,0,0.3232
syn_struggle_06,P-STRUGGLE,32,2026-10-02T01:24:51.830288,PY-FLOW-02,IT-F02-04,3,0,4,298.0,2,0.3232
syn_struggle_06,P-STRUGGLE,33,2026-10-02T01:29:27.259007,PY-FLOW-02,IT-F02-01,2,0,3,243.8,0,0.3232
syn_struggle_06,P-STRUGGLE,34,2026-10-02T01:32:08.957614,PY-FLOW-02,IT-F02-02,3,0,2,139.6,1,0.3232
syn_struggle_06,P-STRUGGLE,35,2026-10-02T01:40:35.076137,PY-FLOW-02,IT-F02-03,3,0,5,453.6,1,0.3232
syn_struggle_06,P-STRUGGLE,36,2026-10-02T01:47:30.035434,PY-FLOW-03,IT-F03-01,2,1,5,368.3,0,0.3232
syn_struggle_06,P-STRUGGLE,37,2026-10-02T01:51:56.060933,PY-FLOW-03,IT-F03-02,2,1,4,223.5,1,0.3232
syn_struggle_06,P-STRUGGLE,38,2026-10-02T01:55:12.786421,PY-FLOW-03,IT-F03-03,3,0,1,137.3,0,0.3232
syn_struggle_06,P-STRUGGLE,39,2026-10-02T02:00:09.515355,PY-FLOW-03,IT-F03-04,3,1,2,252.3,1,0.3232
syn_struggle_06,P-STRUGGLE,40,2026-10-02T05:36:32.304611,PY-FLOW-03,IT-F03-01,2,0,4,213.5,1,0.3232
syn_struggle_06,P-STRUGGLE,41,2026-10-02T05:40:35.676655,PY-FLOW-03,IT-F03-02,2,1,3,214.9,0,0.3232
syn_struggle_06,P-STRUGGLE,42,2026-10-02T05:45:09.929147,PY-FLOW-03,IT-F03-03,3,0,2,229.4,2,0.3232
syn_struggle_06,P-STRUGGLE,43,2026-10-02T05:49:30.280997,PY-FLOW-03,IT-F03-04,3,1,2,203.1,0,0.3232
syn_struggle_06,P-STRUGGLE,44,2026-10-02T05:51:18.724097,PY-FLOW-03,IT-F03-01,2,0,1,87.4,1,0.3232
syn_struggle_07,P-STRUGGLE,1,2026-10-01T09:25:46.735181,PY-BASICS-01,IT-B01-01,1,0,1,140.4,0,1.0
syn_struggle_07,P-STRUGGLE,2,2026-10-01T09:29:13.130245,PY-BASICS-01,IT-B01-02,1,1,2,166.5,1,1.0
syn_struggle_07,P-STRUGGLE,3,2026-10-01T09:31:06.485915,PY-BASICS-01,IT-B01-03,1,0,1,86.1,0,1.0
syn_struggle_07,P-STRUGGLE,4,2026-10-01T09:35:30.603257,PY-BASICS-01,IT-B01-04,2,1,3,221.9,2,1.0
syn_struggle_07,P-STRUGGLE,5,2026-10-01T09:37:58.995805,PY-BASICS-01,IT-B01-01,1,0,3,101.1,2,1.0
syn_struggle_07,P-STRUGGLE,6,2026-10-01T09:41:02.157684,PY-BASICS-01,IT-B01-02,1,1,1,159.0,0,1.0
syn_struggle_07,P-STRUGGLE,7,2026-10-01T09:43:01.998392,PY-BASICS-01,IT-B01-03,1,0,1,76.3,1,1.0
syn_struggle_07,P-STRUGGLE,8,2026-10-01T09:45:50.377668,PY-BASICS-02,IT-B02-01,1,0,4,141.5,0,0.4278
syn_struggle_07,P-STRUGGLE,9,2026-10-01T09:51:47.161601,PY-BASICS-02,IT-B02-02,2,1,5,319.8,2,0.4278
syn_struggle_07,P-STRUGGLE,10,2026-10-01T13:32:42.335163,PY-BASICS-02,IT-B02-03,2,0,3,184.5,1,0.4278
syn_struggle_07,P-STRUGGLE,11,2026-10-01T13:36:02.288594,PY-BASICS-02,IT-B02-04,3,1,2,180.8,1,0.4278
syn_struggle_07,P-STRUGGLE,12,2026-10-01T13:40:24.649504,PY-BASICS-02,IT-B02-01,1,0,3,228.3,1,0.4278
syn_struggle_07,P-STRUGGLE,13,2026-10-01T13:43:36.600114,PY-BASICS-02,IT-B02-02,2,0,1,164.5,1,0.4278
syn_struggle_07,P-STRUGGLE,14,2026-10-01T13:46:16.959670,PY-BASICS-02,IT-B02-03,2,1,2,145.2,0,0.4278
syn_struggle_07,P-STRUGGLE,15,2026-10-01T13:52:16.060035,PY-BASICS-03,IT-B03-01,1,0,3,309.4,0,0.4278
syn_struggle_07,P-STRUGGLE,16,2026-10-01T13:58:49.030137,PY-BASICS-03,IT-B03-02,2,0,3,349.3,0,0.4278
syn_struggle_07,P-STRUGGLE,17,2026-10-01T14:03:33.318124,PY-BASICS-03,IT-B03-03,2,1,3,257.5,0,0.4278
syn_struggle_07,P-STRUGGLE,18,2026-10-01T14:11:16.173515,PY-BASICS-03,IT-B03-04,3,1,5,414.5,1,0.4278
syn_struggle_07,P-STRUGGLE,19,2026-10-01T14:14:38.299134,PY-BASICS-03,IT-B03-01,1,1,2,162.3,0,0.4278
syn_struggle_07,P-STRUGGLE,20,2026-10-01T15:52:03.972341,PY-BASICS-03,IT-B03-02,2,1,4,324.4,0,0.4278
syn_struggle_07,P-STRUGGLE,21,2026-10-01T15:56:34.458315,PY-BASICS-03,IT-B03-03,2,0,3,252.1,1,0.4278
syn_struggle_07,P-STRUGGLE,22,2026-10-01T16:01:23.798103,PY-FLOW-01,IT-F01-01,2,0,1,234.6,1,0.5842
syn_struggle_07,P-STRUGGLE,23,2026-10-01T16:05:50.874889,PY-FLOW-01,IT-F01-02,2,0,3,211.4,0,0.5842
syn_struggle_07,P-STRUGGLE,24,2026-10-01T16:10:08.726452,PY-FLOW-01,IT-F01-03,2,1,4,218.3,0,0.5842
syn_struggle_07,P-STRUGGLE,25,2026-10-01T16:13:35.083228,PY-FLOW-01,IT-F01-04,3,0,2,153.8,2,0.5842
syn_struggle_07,P-STRUGGLE,26,2026-10-01T16:17:41.096158,PY-FLOW-01,IT-F01-01,2,0,4,204.8,1,0.5842
syn_struggle_07,P-STRUGGLE,27,2026-10-01T16:20:02.560378,PY-FLOW-01,IT-F01-02,2,1,2,119.8,1,0.5842
syn_struggle_07,P-STRUGGLE,28,2026-10-01T16:26:33.495426,PY-FLOW-01,IT-F01-03,2,1,4,370.2,0,0.5842
syn_struggle_07,P-STRUGGLE,29,2026-10-01T16:35:30.967052,PY-FLOW-02,IT-F02-01,2,0,5,508.6,1,0.4582
syn_struggle_07,P-STRUGGLE,30,2026-10-01T20:09:50.021963,PY-FLOW-02,IT-F02-02,3,0,3,238.5,0,0.4582
syn_struggle_07,P-STRUGGLE,31,2026-10-01T20:21:20.053579,PY-FLOW-02,IT-F02-03,3,1,5,636.3,1,0.4582
syn_struggle_07,P-STRUGGLE,32,2026-10-01T20:26:35.305188,PY-FLOW-02,IT-F02-04,3,1,4,259.8,0,0.4582
syn_struggle_07,P-STRUGGLE,33,2026-10-01T20:30:01.558632,PY-FLOW-02,IT-F02-01,2,1,2,181.8,1,0.4582
syn_struggle_07,P-STRUGGLE,34,2026-10-01T20:34:06.287470,PY-FLOW-02,IT-F02-02,3,1,4,218.5,2,0.4582
syn_struggle_07,P-STRUGGLE,35,2026-10-01T20:37:15.913183,PY-FLOW-02,IT-F02-03,3,0,1,170.0,0,0.4582
syn_struggle_07,P-STRUGGLE,36,2026-10-01T20:42:30.018414,PY-FLOW-03,IT-F03-01,2,0,3,264.0,1,0.4582
syn_struggle_07,P-STRUGGLE,37,2026-10-01T20:47:02.004476,PY-FLOW-03,IT-F03-02,2,0,3,217.2,2,0.4582
syn_struggle_07,P-STRUGGLE,38,2026-10-01T20:50:08.791459,PY-FLOW-03,IT-F03-03,3,0,1,153.5,1,0.4582
syn_struggle_07,P-STRUGGLE,39,2026-10-01T20:54:57.621227,PY-FLOW-03,IT-F03-04,3,0,3,245.9,0,0.4582
syn_struggle_07,P-STRUGGLE,40,2026-10-02T00:48:30.505268,PY-FLOW-03,IT-F03-01,2,1,3,222.0,2,0.4582
syn_struggle_08,P-STRUGGLE,1,2026-10-01T18:25:58.095348,PY-BASICS-01,IT-B01-01,1,1,1,148.2,2,1.0
syn_struggle_08,P-STRUGGLE,2,2026-10-01T18:29:09.480075,PY-BASICS-01,IT-B01-02,1,0,2,139.9,1,1.0
syn_struggle_08,P-STRUGGLE,3,2026-10-01T18:31:11.843804,PY-BASICS-01,IT-B01-03,1,1,1,67.7,2,1.0
syn_struggle_08,P-STRUGGLE,4,2026-10-01T18:35:38.759190,PY-BASICS-01,IT-B01-04,2,1,4,250.8,1,1.0
syn_struggle_08,P-STRUGGLE,5,2026-10-01T18:38:05.604591,PY-BASICS-01,IT-B01-01,1,1,1,98.7,0,1.0
syn_struggle_08,P-STRUGGLE,6,2026-10-01T18:41:39.552937,PY-BASICS-01,IT-B01-02,1,1,3,184.0,1,1.0
syn_struggle_08,P-STRUGGLE,7,2026-10-01T18:45:19.439652,PY-BASICS-01,IT-B01-03,1,1,2,163.0,1,1.0
syn_struggle_08,P-STRUGGLE,8,2026-10-01T18:48:14.440233,PY-BASICS-02,IT-B02-01,1,0,1,123.9,1,0.8717
syn_struggle_08,P-STRUGGLE,9,2026-10-01T18:53:27.323114,PY-BASICS-02,IT-B02-02,2,1,3,259.0,1,0.8717
syn_struggle_08,P-STRUGGLE,10,2026-10-01T21:08:57.858219,PY-BASICS-02,IT-B02-03,2,0,3,277.8,0,0.8717
syn_struggle_08,P-STRUGGLE,11,2026-10-01T21:16:20.090072,PY-BASICS-02,IT-B02-04,3,1,5,391.8,1,0.8717
syn_struggle_08,P-STRUGGLE,12,2026-10-01T21:21:05.254375,PY-BASICS-02,IT-B02-01,1,0,5,265.3,1,0.8717
syn_struggle_08,P-STRUGGLE,13,2026-10-01T21:26:16.201880,PY-BASICS-02,IT-B02-02,2,1,5,256.7,0,0.8717
syn_struggle_08,P-STRUGGLE,14,2026-10-01T21:30:15.138576,PY-BASICS-02,IT-B02-03,2,0,3,185.3,1,0.8717
syn_struggle_08,P-STRUGGLE,15,2026-10-01T21:35:40.048093,PY-BASICS-03,IT-B03-01,1,0,5,299.9,0,0.8717
syn_struggle_08,P-STRUGGLE,16,2026-10-01T21:39:24.394490,PY-BASICS-03,IT-B03-02,2,0,1,172.6,0,0.8717
syn_struggle_08,P-STRUGGLE,17,2026-10-01T21:45:35.408136,PY-BASICS-03,IT-B03-03,2,0,2,335.3,0,0.8717
syn_struggle_08,P-STRUGGLE,18,2026-10-01T21:50:33.241725,PY-BASICS-03,IT-B03-04,3,0,3,269.1,2,0.8717
syn_struggle_08,P-STRUGGLE,19,2026-10-01T21:53:35.732272,PY-BASICS-03,IT-B03-01,1,0,1,131.7,1,0.8717
syn_struggle_08,P-STRUGGLE,20,2026-10-01T23:29:30.253981,PY-BASICS-03,IT-B03-02,2,0,1,116.3,0,0.8717
syn_struggle_08,P-STRUGGLE,21,2026-10-01T23:34:05.844821,PY-BASICS-03,IT-B03-03,2,0,5,251.9,1,0.8717
syn_struggle_08,P-STRUGGLE,22,2026-10-01T23:39:47.216609,PY-FLOW-01,IT-F01-01,2,0,3,311.6,1,0.0
syn_struggle_08,P-STRUGGLE,23,2026-10-01T23:44:54.212491,PY-FLOW-01,IT-F01-02,2,1,4,253.1,2,0.0
syn_struggle_08,P-STRUGGLE,24,2026-10-01T23:51:32.322501,PY-FLOW-01,IT-F01-03,2,1,5,339.6,1,0.0
syn_struggle_08,P-STRUGGLE,25,2026-10-01T23:56:19.883126,PY-FLOW-01,IT-F01-04,3,0,2,260.0,1,0.0
syn_struggle_08,P-STRUGGLE,26,2026-10-01T23:59:05.049804,PY-FLOW-01,IT-F01-01,2,0,1,121.3,1,0.0
syn_struggle_08,P-STRUGGLE,27,2026-10-02T00:04:38.035331,PY-FLOW-01,IT-F01-02,2,1,4,300.0,0,0.0
syn_struggle_08,P-STRUGGLE,28,2026-10-02T00:09:04.187067,PY-FLOW-01,IT-F01-03,2,0,2,207.0,0,0.0
syn_struggle_08,P-STRUGGLE,29,2026-10-02T00:12:41.016775,PY-FLOW-02,IT-F02-01,2,0,1,177.7,1,0.4207
syn_struggle_08,P-STRUGGLE,30,2026-10-02T02:06:52.058213,PY-FLOW-02,IT-F02-02,3,0,3,355.7,1,0.4207
syn_struggle_08,P-STRUGGLE,31,2026-10-02T02:13:29.626240,PY-FLOW-02,IT-F02-03,3,1,2,338.9,0,0.4207
syn_struggle_08,P-STRUGGLE,32,2026-10-02T02:21:08.461792,PY-FLOW-02,IT-F02-04,3,1,5,435.8,2,0.4207
syn_struggle_08,P-STRUGGLE,33,2026-10-02T02:29:11.175836,PY-FLOW-02,IT-F02-01,2,0,5,424.4,1,0.4207
syn_struggle_08,P-STRUGGLE,34,2026-10-02T02:34:48.121822,PY-FLOW-02,IT-F02-02,3,0,5,310.0,1,0.4207
syn_struggle_08,P-STRUGGLE,35,2026-10-02T02:39:36.799937,PY-FLOW-02,IT-F02-03,3,0,2,268.8,1,0.4207
syn_struggle_08,P-STRUGGLE,36,2026-10-02T02:44:12.455306,PY-FLOW-03,IT-F03-01,2,0,3,241.1,0,0.4207
syn_struggle_09,P-STRUGGLE,1,2026-10-01T16:49:42.162099,PY-BASICS-01,IT-B01-01,1,1,4,279.9,1,1.0
syn_struggle_09,P-STRUGGLE,2,2026-10-01T16:51:34.141497,PY-BASICS-01,IT-B01-02,1,1,1,69.7,1,1.0
syn_struggle_09,P-STRUGGLE,3,2026-10-01T16:54:16.755535,PY-BASICS-01,IT-B01-03,1,1,1,124.6,1,1.0
syn_struggle_09,P-STRUGGLE,4,2026-10-01T16:58:01.889330,PY-BASICS-01,IT-B01-04,2,1,3,192.8,1,1.0
syn_struggle_09,P-STRUGGLE,5,2026-10-01T17:00:47.135792,PY-BASICS-01,IT-B01-01,1,1,1,124.3,0,1.0
syn_struggle_09,P-STRUGGLE,6,2026-10-01T17:02:49.098305,PY-BASICS-01,IT-B01-02,1,0,1,95.5,1,1.0
syn_struggle_09,P-STRUGGLE,7,2026-10-01T17:06:56.093643,PY-BASICS-01,IT-B01-03,1,1,3,200.1,1,1.0
syn_struggle_09,P-STRUGGLE,8,2026-10-01T17:12:26.469751,PY-BASICS-02,IT-B02-01,1,0,3,315.3,2,0.8425
syn_struggle_09,P-STRUGGLE,9,2026-10-01T17:17:45.720633,PY-BASICS-02,IT-B02-02,2,1,2,262.6,0,0.8425
syn_struggle_09,P-STRUGGLE,10,2026-10-01T20:39:00.320965,PY-BASICS-02,IT-B02-03,2,0,1,160.5,1,0.8425
syn_struggle_09,P-STRUGGLE,11,2026-10-01T20:43:59.908719,PY-BASICS-02,IT-B02-04,3,1,2,251.2,2,0.8425
syn_struggle_09,P-STRUGGLE,12,2026-10-01T20:46:16.187002,PY-BASICS-02,IT-B02-01,1,0,1,91.1,0,0.8425
syn_struggle_09,P-STRUGGLE,13,2026-10-01T20:49:34.976968,PY-BASICS-02,IT-B02-02,2,0,3,167.4,1,0.8425
syn_struggle_09,P-STRUGGLE,14,2026-10-01T20:53:42.025790,PY-BASICS-02,IT-B02-03,2,1,3,228.9,1,0.8425
syn_struggle_09,P-STRUGGLE,15,2026-10-01T20:58:12.016486,PY-BASICS-03,IT-B03-01,1,1,5,225.1,1,0.8425
syn_struggle_09,P-STRUGGLE,16,2026-10-01T21:02:43.175488,PY-BASICS-03,IT-B03-02,2,0,5,241.3,0,0.8425
syn_struggle_09,P-STRUGGLE,17,2026-10-01T21:06:01.301692,PY-BASICS-03,IT-B03-03,2,0,3,169.0,1,0.8425
syn_struggle_09,P-STRUGGLE,18,2026-10-01T21:09:27.562380,PY-BASICS-03,IT-B03-04,3,0,1,153.1,0,0.8425
syn_struggle_09,P-STRUGGLE,19,2026-10-01T21:11:17.351322,PY-BASICS-03,IT-B03-01,1,0,1,62.4,0,0.8425
syn_struggle_09,P-STRUGGLE,20,2026-10-01T23:29:54.227784,PY-BASICS-03,IT-B03-02,2,0,1,104.8,0,0.8425
syn_struggle_09,P-STRUGGLE,21,2026-10-01T23:34:10.705465,PY-BASICS-03,IT-B03-03,2,0,3,223.1,0,0.8425
syn_struggle_09,P-STRUGGLE,22,2026-10-01T23:37:37.613482,PY-FLOW-01,IT-F01-01,2,0,1,173.8,0,0.1218
syn_struggle_09,P-STRUGGLE,23,2026-10-01T23:43:15.817966,PY-FLOW-01,IT-F01-02,2,1,5,309.9,1,0.1218
syn_struggle_09,P-STRUGGLE,24,2026-10-01T23:48:22.445917,PY-FLOW-01,IT-F01-03,2,0,4,285.9,0,0.1218
syn_struggle_09,P-STRUGGLE,25,2026-10-01T23:52:55.666002,PY-FLOW-01,IT-F01-04,3,0,1,239.3,1,0.1218
syn_struggle_09,P-STRUGGLE,26,2026-10-01T23:56:09.482367,PY-FLOW-01,IT-F01-01,2,0,1,136.5,0,0.1218
syn_struggle_09,P-STRUGGLE,27,2026-10-02T00:00:21.461675,PY-FLOW-01,IT-F01-02,2,1,4,206.5,1,0.1218
syn_struggle_09,P-STRUGGLE,28,2026-10-02T00:04:23.387925,PY-FLOW-01,IT-F01-03,2,0,2,186.3,1,0.1218
syn_struggle_09,P-STRUGGLE,29,2026-10-02T00:09:54.186096,PY-FLOW-02,IT-F02-01,2,0,3,288.1,0,0.2857
syn_struggle_09,P-STRUGGLE,30,2026-10-02T03:07:29.163758,PY-FLOW-02,IT-F02-02,3,0,4,295.0,1,0.2857
syn_struggle_09,P-STRUGGLE,31,2026-10-02T03:15:03.182025,PY-FLOW-02,IT-F02-03,3,1,5,439.0,0,0.2857
syn_struggle_09,P-STRUGGLE,32,2026-10-02T03:18:11.393142,PY-FLOW-02,IT-F02-04,3,0,1,160.3,2,0.2857
syn_struggle_09,P-STRUGGLE,33,2026-10-02T03:24:47.138109,PY-FLOW-02,IT-F02-01,2,1,5,361.4,2,0.2857
syn_struggle_09,P-STRUGGLE,34,2026-10-02T03:30:57.837424,PY-FLOW-02,IT-F02-02,3,1,3,329.6,2,0.2857
syn_struggle_09,P-STRUGGLE,35,2026-10-02T03:35:58.699177,PY-FLOW-02,IT-F02-03,3,0,2,256.4,0,0.2857
syn_struggle_09,P-STRUGGLE,36,2026-10-02T03:38:08.523646,PY-FLOW-03,IT-F03-01,2,0,1,93.9,0,0.2857
syn_struggle_09,P-STRUGGLE,37,2026-10-02T03:43:40.020837,PY-FLOW-03,IT-F03-02,2,0,3,296.6,0,0.2857
syn_struggle_09,P-STRUGGLE,38,2026-10-02T03:47:18.137400,PY-FLOW-03,IT-F03-03,3,0,2,193.5,1,0.2857
syn_struggle_09,P-STRUGGLE,39,2026-10-02T03:51:08.030778,PY-FLOW-03,IT-F03-04,3,0,1,193.6,0,0.2857
syn_struggle_09,P-STRUGGLE,40,2026-10-02T07:27:28.706756,PY-FLOW-03,IT-F03-01,2,1,5,360.9,0,0.2857
syn_struggle_09,P-STRUGGLE,41,2026-10-02T07:30:15.342869,PY-FLOW-03,IT-F03-02,2,1,2,144.0,1,0.2857
syn_struggle_09,P-STRUGGLE,42,2026-10-02T07:33:58.758668,PY-FLOW-03,IT-F03-03,3,0,2,204.6,0,0.2857
syn_struggle_09,P-STRUGGLE,43,2026-10-02T07:40:03.554008,PY-FLOW-03,IT-F03-04,3,1,4,326.6,1,0.2857
syn_struggle_10,P-STRUGGLE,1,2026-10-01T15:41:47.228440,PY-BASICS-01,IT-B01-01,1,1,5,334.1,1,1.0
syn_struggle_10,P-STRUGGLE,2,2026-10-01T15:43:48.757496,PY-BASICS-01,IT-B01-02,1,0,1,69.7,0,1.0
syn_struggle_10,P-STRUGGLE,3,2026-10-01T15:47:06.558712,PY-BASICS-01,IT-B01-03,1,1,1,149.0,2,1.0
syn_struggle_10,P-STRUGGLE,4,2026-10-01T15:55:04.234517,PY-BASICS-01,IT-B01-04,2,1,5,432.4,1,1.0
syn_struggle_10,P-STRUGGLE,5,2026-10-01T15:56:49.243347,PY-BASICS-01,IT-B01-01,1,1,1,79.9,0,1.0
syn_struggle_10,P-STRUGGLE,6,2026-10-01T15:59:10.604194,PY-BASICS-01,IT-B01-02,1,1,2,117.4,0,1.0
syn_struggle_10,P-STRUGGLE,7,2026-10-01T16:01:27.303336,PY-BASICS-01,IT-B01-03,1,1,1,120.6,1,1.0
syn_struggle_10,P-STRUGGLE,8,2026-10-01T16:03:45.321250,PY-BASICS-02,IT-B02-01,1,1,1,112.0,2,0.8717
syn_struggle_10,P-STRUGGLE,9,2026-10-01T16:07:52.302385,PY-BASICS-02,IT-B02-02,2,1,2,210.6,0,0.8717
syn_struggle_10,P-STRUGGLE,10,2026-10-01T17:52:16.294644,PY-BASICS-02,IT-B02-03,2,0,2,155.3,2,0.8717
syn_struggle_10,P-STRUGGLE,11,2026-10-01T18:01:18.444489,PY-BASICS-02,IT-B02-04,3,1,5,508.5,2,0.8717
syn_struggle_10,P-STRUGGLE,12,2026-10-01T18:05:46.483931,PY-BASICS-02,IT-B02-01,1,0,3,224.7,0,0.8717
syn_struggle_10,P-STRUGGLE,13,2026-10-01T18:08:18.533517,PY-BASICS-02,IT-B02-02,2,0,1,128.3,0,0.8717
syn_struggle_10,P-STRUGGLE,14,2026-10-01T18:13:23.769458,PY-BASICS-02,IT-B02-03,2,1,3,258.9,1,0.8717
syn_struggle_10,P-STRUGGLE,15,2026-10-01T18:17:54.516431,PY-BASICS-03,IT-B03-01,1,0,4,233.5,0,0.8717
syn_struggle_10,P-STRUGGLE,16,2026-10-01T18:20:40.995731,PY-BASICS-03,IT-B03-02,2,0,1,140.5,0,0.8717
syn_struggle_10,P-STRUGGLE,17,2026-10-01T18:24:34.418342,PY-BASICS-03,IT-B03-03,2,0,1,188.9,0,0.8717
syn_struggle_10,P-STRUGGLE,18,2026-10-01T18:27:52.367859,PY-BASICS-03,IT-B03-04,3,1,2,182.7,2,0.8717
syn_struggle_10,P-STRUGGLE,19,2026-10-01T18:30:43.961260,PY-BASICS-03,IT-B03-01,1,1,2,122.8,1,0.8717
syn_struggle_10,P-STRUGGLE,20,2026-10-01T20:20:26.599007,PY-BASICS-03,IT-B03-02,2,0,3,173.7,1,0.8717
syn_struggle_10,P-STRUGGLE,21,2026-10-01T20:25:59.630586,PY-BASICS-03,IT-B03-03,2,1,5,298.9,2,0.8717
syn_struggle_10,P-STRUGGLE,22,2026-10-01T20:31:27.045487,PY-FLOW-01,IT-F01-01,2,0,3,304.5,1,0.4574
syn_struggle_10,P-STRUGGLE,23,2026-10-01T20:36:17.753959,PY-FLOW-01,IT-F01-02,2,0,3,232.6,1,0.4574
syn_struggle_10,P-STRUGGLE,24,2026-10-01T20:39:12.362058,PY-FLOW-01,IT-F01-03,2,0,1,136.3,0,0.4574
syn_struggle_10,P-STRUGGLE,25,2026-10-01T20:45:58.521885,PY-FLOW-01,IT-F01-04,3,1,4,388.9,1,0.4574
syn_struggle_10,P-STRUGGLE,26,2026-10-01T20:49:22.535808,PY-FLOW-01,IT-F01-01,2,1,2,177.8,1,0.4574
syn_struggle_10,P-STRUGGLE,27,2026-10-01T20:55:46.410944,PY-FLOW-01,IT-F01-02,2,0,3,330.7,0,0.4574
syn_struggle_10,P-STRUGGLE,28,2026-10-01T20:58:01.451726,PY-FLOW-01,IT-F01-03,2,0,1,99.5,1,0.4574
syn_struggle_10,P-STRUGGLE,29,2026-10-01T21:01:21.615473,PY-FLOW-02,IT-F02-01,2,0,1,149.1,0,0.2917
syn_struggle_10,P-STRUGGLE,30,2026-10-02T01:02:52.988549,PY-FLOW-02,IT-F02-02,3,0,1,155.3,0,0.2917
syn_struggle_10,P-STRUGGLE,31,2026-10-02T01:08:30.083903,PY-FLOW-02,IT-F02-03,3,1,4,295.3,0,0.2917
syn_struggle_10,P-STRUGGLE,32,2026-10-02T01:13:04.335685,PY-FLOW-02,IT-F02-04,3,1,2,216.5,1,0.2917
syn_struggle_10,P-STRUGGLE,33,2026-10-02T01:17:00.549852,PY-FLOW-02,IT-F02-01,2,0,4,181.1,0,0.2917
syn_struggle_10,P-STRUGGLE,34,2026-10-02T01:25:11.519207,PY-FLOW-02,IT-F02-02,3,1,5,448.4,1,0.2917
syn_struggle_10,P-STRUGGLE,35,2026-10-02T01:29:39.486535,PY-FLOW-02,IT-F02-03,3,0,3,220.6,0,0.2917
syn_struggle_10,P-STRUGGLE,36,2026-10-02T01:34:18.101552,PY-FLOW-03,IT-F03-01,2,0,1,240.9,0,0.2917
syn_struggle_10,P-STRUGGLE,37,2026-10-02T01:37:40.177165,PY-FLOW-03,IT-F03-02,2,0,1,149.7,0,0.2917
syn_struggle_10,P-STRUGGLE,38,2026-10-02T01:43:42.631403,PY-FLOW-03,IT-F03-03,3,1,4,322.8,1,0.2917
syn_struggle_10,P-STRUGGLE,39,2026-10-02T01:50:15.905768,PY-FLOW-03,IT-F03-04,3,0,3,337.9,1,0.2917
syn_average_01,P-AVERAGE,1,2026-10-01T16:58:04.375451,PY-BASICS-01,IT-B01-01,1,1,7,122.1,0,1.0
syn_average_01,P-AVERAGE,2,2026-10-01T17:00:04.739071,PY-BASICS-01,IT-B01-02,1,1,4,93.7,0,1.0
syn_average_01,P-AVERAGE,3,2026-10-01T17:01:07.364859,PY-BASICS-01,IT-B01-03,1,1,1,36.5,0,1.0
syn_average_01,P-AVERAGE,4,2026-10-01T17:03:54.559624,PY-BASICS-01,IT-B01-04,2,0,5,123.5,0,1.0
syn_average_01,P-AVERAGE,5,2026-10-01T17:06:09.621240,PY-BASICS-01,IT-B01-01,1,0,6,85.6,0,1.0
syn_average_01,P-AVERAGE,6,2026-10-01T17:07:25.679732,PY-BASICS-01,IT-B01-02,1,0,1,37.6,0,1.0
syn_average_01,P-AVERAGE,7,2026-10-01T17:09:07.983412,PY-BASICS-02,IT-B02-01,1,1,2,59.1,2,0.4616
syn_average_01,P-AVERAGE,8,2026-10-01T17:11:46.140297,PY-BASICS-02,IT-B02-02,2,0,4,130.8,0,0.4616
syn_average_01,P-AVERAGE,9,2026-10-01T17:13:03.627048,PY-BASICS-02,IT-B02-03,2,1,2,59.0,0,0.4616
syn_average_01,P-AVERAGE,10,2026-10-01T19:26:08.220779,PY-BASICS-02,IT-B02-04,3,1,3,111.3,0,0.4616
syn_average_01,P-AVERAGE,11,2026-10-01T19:27:34.707710,PY-BASICS-02,IT-B02-01,1,0,2,57.1,0,0.4616
syn_average_01,P-AVERAGE,12,2026-10-01T19:30:56.914560,PY-BASICS-02,IT-B02-02,2,1,6,162.9,0,0.4616
syn_average_01,P-AVERAGE,13,2026-10-01T19:33:12.841393,PY-BASICS-03,IT-B03-01,1,0,3,114.7,0,0.4616
syn_average_01,P-AVERAGE,14,2026-10-01T19:35:12.948160,PY-BASICS-03,IT-B03-02,2,1,3,94.7,2,0.4616
syn_average_01,P-AVERAGE,15,2026-10-01T19:38:01.075902,PY-BASICS-03,IT-B03-03,2,1,4,121.9,0,0.4616
syn_average_01,P-AVERAGE,16,2026-10-01T19:41:48.164763,PY-BASICS-03,IT-B03-04,3,0,6,180.3,0,0.4616
syn_average_01,P-AVERAGE,17,2026-10-01T19:44:29.755061,PY-BASICS-03,IT-B03-01,1,1,7,143.7,1,0.4616
syn_average_01,P-AVERAGE,18,2026-10-01T19:46:47.097033,PY-BASICS-03,IT-B03-02,2,1,3,104.0,0,0.4616
syn_average_01,P-AVERAGE,19,2026-10-01T19:51:29.314534,PY-FLOW-01,IT-F01-01,2,0,6,242.8,0,0.6836
syn_average_01,P-AVERAGE,20,2026-10-01T21:54:33.033881,PY-FLOW-01,IT-F01-02,2,1,3,88.5,0,0.6836
syn_average_01,P-AVERAGE,21,2026-10-01T21:58:16.140339,PY-FLOW-01,IT-F01-03,2,1,6,189.2,0,0.6836
syn_average_01,P-AVERAGE,22,2026-10-01T22:01:08.258071,PY-FLOW-01,IT-F01-04,3,1,3,116.4,0,0.6836
syn_average_01,P-AVERAGE,23,2026-10-01T22:03:40.941645,PY-FLOW-01,IT-F01-01,2,1,5,111.4,0,0.6836
syn_average_01,P-AVERAGE,24,2026-10-01T22:05:24.140179,PY-FLOW-01,IT-F01-02,2,0,1,56.9,0,0.6836
syn_average_01,P-AVERAGE,25,2026-10-01T22:08:15.793120,PY-FLOW-02,IT-F02-01,2,0,4,118.1,0,0.6652
syn_average_01,P-AVERAGE,26,2026-10-01T22:11:28.544876,PY-FLOW-02,IT-F02-02,3,1,4,143.3,0,0.6652
syn_average_01,P-AVERAGE,27,2026-10-01T22:15:04.562022,PY-FLOW-02,IT-F02-03,3,1,6,183.9,0,0.6652
syn_average_01,P-AVERAGE,28,2026-10-01T22:17:01.627346,PY-FLOW-02,IT-F02-04,3,1,4,101.8,0,0.6652
syn_average_01,P-AVERAGE,29,2026-10-01T22:18:36.256492,PY-FLOW-02,IT-F02-01,2,1,1,63.8,0,0.6652
syn_average_01,P-AVERAGE,30,2026-10-02T02:00:53.494428,PY-FLOW-02,IT-F02-02,3,1,5,207.3,0,0.6652
syn_average_01,P-AVERAGE,31,2026-10-02T02:03:34.898793,PY-FLOW-03,IT-F03-01,2,0,3,103.5,0,0.6652
syn_average_01,P-AVERAGE,32,2026-10-02T02:05:41.454751,PY-FLOW-03,IT-F03-02,2,0,3,92.7,0,0.6652
syn_average_01,P-AVERAGE,33,2026-10-02T02:10:01.592956,PY-FLOW-03,IT-F03-03,3,1,7,211.5,0,0.6652
syn_average_01,P-AVERAGE,34,2026-10-02T02:12:52.468910,PY-FLOW-03,IT-F03-04,3,0,4,131.3,1,0.6652
syn_average_01,P-AVERAGE,35,2026-10-02T02:15:07.715277,PY-FLOW-03,IT-F03-01,2,0,3,93.1,0,0.6652
syn_average_01,P-AVERAGE,36,2026-10-02T02:16:17.739518,PY-FLOW-03,IT-F03-02,2,1,1,45.1,0,0.6652
syn_average_01,P-AVERAGE,37,2026-10-02T02:17:50.813492,PY-FLOW-03,IT-F03-03,3,1,1,68.2,0,0.6652
syn_average_01,P-AVERAGE,38,2026-10-02T02:23:11.526111,PY-FLOW-03,IT-F03-04,3,1,7,286.1,0,0.6652
syn_average_01,P-AVERAGE,39,2026-10-02T02:24:16.532228,PY-FLOW-03,IT-F03-01,2,1,1,48.7,0,0.6652
syn_average_01,P-AVERAGE,40,2026-10-02T05:39:55.635022,PY-FLOW-03,IT-F03-02,2,1,7,196.7,0,0.6652
syn_average_01,P-AVERAGE,41,2026-10-02T05:42:34.729272,PY-FLOW-03,IT-F03-03,3,1,4,125.9,0,0.6652
syn_average_01,P-AVERAGE,42,2026-10-02T05:43:56.156285,PY-FLOW-03,IT-F03-04,3,1,1,59.0,0,0.6652
syn_average_01,P-AVERAGE,43,2026-10-02T05:46:32.588842,PY-FLOW-03,IT-F03-01,2,1,4,120.4,0,0.6652
syn_average_01,P-AVERAGE,44,2026-10-02T05:48:04.632093,PY-FLOW-03,IT-F03-02,2,0,3,71.3,0,0.6652
syn_average_01,P-AVERAGE,45,2026-10-02T05:51:16.333656,PY-FLOW-03,IT-F03-03,3,1,6,148.7,0,0.6652
syn_average_02,P-AVERAGE,1,2026-10-01T08:21:20.581634,PY-BASICS-01,IT-B01-01,1,0,3,82.9,0,1.0
syn_average_02,P-AVERAGE,2,2026-10-01T08:24:53.579273,PY-BASICS-01,IT-B01-02,1,1,5,172.6,2,1.0
syn_average_02,P-AVERAGE,3,2026-10-01T08:26:28.798865,PY-BASICS-01,IT-B01-03,1,1,3,79.0,0,1.0
syn_average_02,P-AVERAGE,4,2026-10-01T08:28:09.522599,PY-BASICS-01,IT-B01-04,2,1,1,56.8,0,1.0
syn_average_02,P-AVERAGE,5,2026-10-01T08:29:06.329076,PY-BASICS-01,IT-B01-01,1,1,1,35.7,2,1.0
syn_average_02,P-AVERAGE,6,2026-10-01T08:30:07.905506,PY-BASICS-01,IT-B01-02,1,1,1,25.8,0,1.0
syn_average_02,P-AVERAGE,7,2026-10-01T08:31:57.668315,PY-BASICS-02,IT-B02-01,1,0,5,92.5,1,0.854
syn_average_02,P-AVERAGE,8,2026-10-01T08:34:29.927989,PY-BASICS-02,IT-B02-02,2,1,4,120.2,0,0.854
syn_average_02,P-AVERAGE,9,2026-10-01T08:35:57.552702,PY-BASICS-02,IT-B02-03,2,1,4,63.1,1,0.854
syn_average_02,P-AVERAGE,10,2026-10-01T12:03:28.428134,PY-BASICS-02,IT-B02-04,3,1,5,170.1,2,0.854
syn_average_02,P-AVERAGE,11,2026-10-01T12:05:46.988814,PY-BASICS-02,IT-B02-01,1,1,7,106.5,0,0.854
syn_average_02,P-AVERAGE,12,2026-10-01T12:08:02.429256,PY-BASICS-02,IT-B02-02,2,0,3,86.6,0,0.854
syn_average_02,P-AVERAGE,13,2026-10-01T12:10:55.665849,PY-BASICS-03,IT-B03-01,1,1,4,120.8,0,0.854
syn_average_02,P-AVERAGE,14,2026-10-01T12:12:41.518068,PY-BASICS-03,IT-B03-02,2,0,3,79.5,0,0.854
syn_average_02,P-AVERAGE,15,2026-10-01T12:15:26.303848,PY-BASICS-03,IT-B03-03,2,1,5,146.1,0,0.854
syn_average_02,P-AVERAGE,16,2026-10-01T12:17:10.176096,PY-BASICS-03,IT-B03-04,3,1,3,88.0,0,0.854
syn_average_02,P-AVERAGE,17,2026-10-01T12:19:55.249953,PY-BASICS-03,IT-B03-01,1,1,5,125.8,0,0.854
syn_average_02,P-AVERAGE,18,2026-10-01T12:23:45.945805,PY-BASICS-03,IT-B03-02,2,0,6,170.7,1,0.854
syn_average_02,P-AVERAGE,19,2026-10-01T12:25:10.994020,PY-FLOW-01,IT-F01-01,2,0,1,54.3,0,0.6575
syn_average_02,P-AVERAGE,20,2026-10-01T15:54:21.347950,PY-FLOW-01,IT-F01-02,2,0,3,75.0,1,0.6575
syn_average_02,P-AVERAGE,21,2026-10-01T15:57:18.376909,PY-FLOW-01,IT-F01-03,2,1,5,132.7,0,0.6575
syn_average_02,P-AVERAGE,22,2026-10-01T16:00:39.217403,PY-FLOW-01,IT-F01-04,3,1,4,151.9,0,0.6575
syn_average_02,P-AVERAGE,23,2026-10-01T16:02:49.549931,PY-FLOW-01,IT-F01-01,2,0,3,72.6,0,0.6575
syn_average_02,P-AVERAGE,24,2026-10-01T16:05:10.421162,PY-FLOW-01,IT-F01-02,2,1,3,116.9,0,0.6575
syn_average_02,P-AVERAGE,25,2026-10-01T16:08:10.438263,PY-FLOW-02,IT-F02-01,2,1,7,164.1,1,0.5209
syn_average_02,P-AVERAGE,26,2026-10-01T16:11:17.895469,PY-FLOW-02,IT-F02-02,3,1,5,165.6,2,0.5209
syn_average_02,P-AVERAGE,27,2026-10-01T16:12:42.175413,PY-FLOW-02,IT-F02-03,3,1,1,63.6,0,0.5209
syn_average_02,P-AVERAGE,28,2026-10-01T16:14:46.501061,PY-FLOW-02,IT-F02-04,3,0,1,79.2,0,0.5209
syn_average_02,P-AVERAGE,29,2026-10-01T16:17:01.679692,PY-FLOW-02,IT-F02-01,2,0,3,94.8,0,0.5209
syn_average_02,P-AVERAGE,30,2026-10-01T19:36:14.272837,PY-FLOW-02,IT-F02-02,3,0,6,232.6,0,0.5209
syn_average_02,P-AVERAGE,31,2026-10-01T19:39:18.883251,PY-FLOW-03,IT-F03-01,2,0,3,135.1,1,0.5209
syn_average_02,P-AVERAGE,32,2026-10-01T19:40:34.133762,PY-FLOW-03,IT-F03-02,2,0,1,52.7,0,0.5209
syn_average_02,P-AVERAGE,33,2026-10-01T19:43:20.659899,PY-FLOW-03,IT-F03-03,3,0,5,124.2,0,0.5209
syn_average_02,P-AVERAGE,34,2026-10-01T19:45:50.416553,PY-FLOW-03,IT-F03-04,3,0,2,101.1,1,0.5209
syn_average_02,P-AVERAGE,35,2026-10-01T19:47:47.970532,PY-FLOW-03,IT-F03-01,2,0,3,97.4,0,0.5209
syn_average_02,P-AVERAGE,36,2026-10-01T19:51:27.239085,PY-FLOW-03,IT-F03-02,2,0,5,167.4,0,0.5209
syn_average_02,P-AVERAGE,37,2026-10-01T19:54:39.651520,PY-FLOW-03,IT-F03-03,3,1,4,134.0,0,0.5209
syn_average_02,P-AVERAGE,38,2026-10-01T19:57:27.115964,PY-FLOW-03,IT-F03-04,3,0,5,147.6,1,0.5209
syn_average_02,P-AVERAGE,39,2026-10-01T19:59:15.571493,PY-FLOW-03,IT-F03-01,2,1,3,92.3,0,0.5209
syn_average_02,P-AVERAGE,40,2026-10-01T23:13:04.135151,PY-FLOW-03,IT-F03-02,2,1,3,103.4,0,0.5209
syn_average_02,P-AVERAGE,41,2026-10-01T23:15:48.952929,PY-FLOW-03,IT-F03-03,3,0,3,106.7,2,0.5209
syn_average_03,P-AVERAGE,1,2026-10-01T12:47:12.047536,PY-BASICS-01,IT-B01-01,1,1,1,49.4,0,1.0
syn_average_03,P-AVERAGE,2,2026-10-01T12:48:08.967378,PY-BASICS-01,IT-B01-02,1,0,1,38.5,0,1.0
syn_average_03,P-AVERAGE,3,2026-10-01T12:49:27.445027,PY-BASICS-01,IT-B01-03,1,1,1,32.4,1,1.0
syn_average_03,P-AVERAGE,4,2026-10-01T12:51:01.170935,PY-BASICS-01,IT-B01-04,2,0,1,50.5,0,1.0
syn_average_03,P-AVERAGE,5,2026-10-01T12:52:32.156494,PY-BASICS-01,IT-B01-01,1,1,5,71.4,0,1.0
syn_average_03,P-AVERAGE,6,2026-10-01T12:54:02.818134,PY-BASICS-01,IT-B01-02,1,1,1,40.9,0,1.0
syn_average_03,P-AVERAGE,7,2026-10-01T12:55:51.781330,PY-BASICS-02,IT-B02-01,1,1,1,55.7,0,0.6759
syn_average_03,P-AVERAGE,8,2026-10-01T12:59:59.999853,PY-BASICS-02,IT-B02-02,2,0,6,206.2,0,0.6759
syn_average_03,P-AVERAGE,9,2026-10-01T13:03:43.447331,PY-BASICS-02,IT-B02-03,2,0,6,203.0,1,0.6759
syn_average_03,P-AVERAGE,10,2026-10-01T16:33:02.738444,PY-BASICS-02,IT-B02-04,3,0,1,56.3,1,0.6759
syn_average_03,P-AVERAGE,11,2026-10-01T16:34:46.762613,PY-BASICS-02,IT-B02-01,1,1,5,73.4,0,0.6759
syn_average_03,P-AVERAGE,12,2026-10-01T16:36:32.539624,PY-BASICS-02,IT-B02-02,2,1,2,71.5,0,0.6759
syn_average_03,P-AVERAGE,13,2026-10-01T16:38:16.115313,PY-BASICS-03,IT-B03-01,1,0,3,71.9,0,0.6759
syn_average_03,P-AVERAGE,14,2026-10-01T16:40:45.283549,PY-BASICS-03,IT-B03-02,2,0,3,111.4,1,0.6759
syn_average_03,P-AVERAGE,15,2026-10-01T16:42:48.738952,PY-BASICS-03,IT-B03-03,2,1,3,93.1,2,0.6759
syn_average_03,P-AVERAGE,16,2026-10-01T16:44:46.069855,PY-BASICS-03,IT-B03-04,3,0,1,64.1,0,0.6759
syn_average_03,P-AVERAGE,17,2026-10-01T16:46:21.974746,PY-BASICS-03,IT-B03-01,1,1,2,43.9,0,0.6759
syn_average_03,P-AVERAGE,18,2026-10-01T16:48:15.023995,PY-BASICS-03,IT-B03-02,2,1,4,93.3,0,0.6759
syn_average_03,P-AVERAGE,19,2026-10-01T16:51:07.059436,PY-FLOW-01,IT-F01-01,2,0,4,113.8,0,0.5299
syn_average_03,P-AVERAGE,20,2026-10-01T20:27:19.326565,PY-FLOW-01,IT-F01-02,2,0,3,70.3,0,0.5299
syn_average_03,P-AVERAGE,21,2026-10-01T20:29:10.455454,PY-FLOW-01,IT-F01-03,2,1,3,64.3,1,0.5299
syn_average_03,P-AVERAGE,22,2026-10-01T20:31:29.052376,PY-FLOW-01,IT-F01-04,3,1,3,104.0,1,0.5299
syn_average_03,P-AVERAGE,23,2026-10-01T20:33:57.673165,PY-FLOW-01,IT-F01-01,2,1,3,100.6,0,0.5299
syn_average_03,P-AVERAGE,24,2026-10-01T20:36:04.519483,PY-FLOW-01,IT-F01-02,2,1,1,68.4,0,0.5299
syn_average_03,P-AVERAGE,25,2026-10-01T20:38:21.673191,PY-FLOW-02,IT-F02-01,2,0,3,110.0,0,0.7002
syn_average_03,P-AVERAGE,26,2026-10-01T20:42:56.542156,PY-FLOW-02,IT-F02-02,3,1,7,223.5,0,0.7002
syn_average_03,P-AVERAGE,27,2026-10-01T20:45:50.459937,PY-FLOW-02,IT-F02-03,3,1,6,134.7,0,0.7002
syn_average_03,P-AVERAGE,28,2026-10-01T20:48:32.917325,PY-FLOW-02,IT-F02-04,3,0,4,125.7,0,0.7002
syn_average_03,P-AVERAGE,29,2026-10-01T20:50:16.218177,PY-FLOW-02,IT-F02-01,2,1,2,68.7,1,0.7002
syn_average_03,P-AVERAGE,30,2026-10-01T23:03:02.474199,PY-FLOW-02,IT-F02-02,3,0,6,102.8,1,0.7002
syn_average_03,P-AVERAGE,31,2026-10-01T23:06:28.401291,PY-FLOW-03,IT-F03-01,2,0,6,152.6,1,0.7002
syn_average_03,P-AVERAGE,32,2026-10-01T23:08:58.684187,PY-FLOW-03,IT-F03-02,2,1,4,97.9,0,0.7002
syn_average_03,P-AVERAGE,33,2026-10-01T23:11:30.184017,PY-FLOW-03,IT-F03-03,3,1,3,132.6,0,0.7002
syn_average_03,P-AVERAGE,34,2026-10-01T23:15:35.857420,PY-FLOW-03,IT-F03-04,3,0,6,191.0,0,0.7002
syn_average_03,P-AVERAGE,35,2026-10-01T23:16:40.331275,PY-FLOW-03,IT-F03-01,2,0,1,38.5,2,0.7002
syn_average_03,P-AVERAGE,36,2026-10-01T23:18:02.543156,PY-FLOW-03,IT-F03-02,2,1,1,46.3,0,0.7002
syn_average_03,P-AVERAGE,37,2026-10-01T23:20:03.008083,PY-FLOW-03,IT-F03-03,3,1,3,78.0,0,0.7002
syn_average_04,P-AVERAGE,1,2026-10-01T12:34:36.129438,PY-BASICS-01,IT-B01-01,1,0,4,87.5,0,1.0
syn_average_04,P-AVERAGE,2,2026-10-01T12:38:09.922316,PY-BASICS-01,IT-B01-02,1,1,6,160.5,1,1.0
syn_average_04,P-AVERAGE,3,2026-10-01T12:38:58.905110,PY-BASICS-01,IT-B01-03,1,1,1,25.8,0,1.0
syn_average_04,P-AVERAGE,4,2026-10-01T12:40:59.250503,PY-BASICS-01,IT-B01-04,2,1,7,95.8,0,1.0
syn_average_04,P-AVERAGE,5,2026-10-01T12:42:29.652959,PY-BASICS-01,IT-B01-01,1,0,3,39.5,0,1.0
syn_average_04,P-AVERAGE,6,2026-10-01T12:43:56.968207,PY-BASICS-01,IT-B01-02,1,0,3,57.0,1,1.0
syn_average_04,P-AVERAGE,7,2026-10-01T12:45:52.982606,PY-BASICS-02,IT-B02-01,1,1,4,61.4,0,0.4859
syn_average_04,P-AVERAGE,8,2026-10-01T12:48:29.835875,PY-BASICS-02,IT-B02-02,2,0,3,110.3,0,0.4859
syn_average_04,P-AVERAGE,9,2026-10-01T12:50:18.667961,PY-BASICS-02,IT-B02-03,2,1,3,81.4,0,0.4859
syn_average_04,P-AVERAGE,10,2026-10-01T16:44:53.487961,PY-BASICS-02,IT-B02-04,3,1,4,126.8,0,0.4859
syn_average_04,P-AVERAGE,11,2026-10-01T16:47:06.840544,PY-BASICS-02,IT-B02-01,1,0,6,114.5,0,0.4859
syn_average_04,P-AVERAGE,12,2026-10-01T16:51:20.043904,PY-BASICS-02,IT-B02-02,2,1,6,205.8,0,0.4859
syn_average_04,P-AVERAGE,13,2026-10-01T16:53:41.029907,PY-BASICS-03,IT-B03-01,1,0,2,104.0,0,0.4859
syn_average_04,P-AVERAGE,14,2026-10-01T16:54:57.847316,PY-BASICS-03,IT-B03-02,2,0,1,27.7,0,0.4859
syn_average_04,P-AVERAGE,15,2026-10-01T16:58:10.424736,PY-BASICS-03,IT-B03-03,2,1,7,146.5,0,0.4859
syn_average_04,P-AVERAGE,16,2026-10-01T17:02:06.090366,PY-BASICS-03,IT-B03-04,3,1,5,191.6,0,0.4859
syn_average_04,P-AVERAGE,17,2026-10-01T17:03:10.877326,PY-BASICS-03,IT-B03-01,1,1,1,27.7,0,0.4859
syn_average_04,P-AVERAGE,18,2026-10-01T17:05:24.459305,PY-BASICS-03,IT-B03-02,2,0,3,82.9,1,0.4859
syn_average_04,P-AVERAGE,19,2026-10-01T17:07:42.746706,PY-FLOW-01,IT-F01-01,2,0,3,119.1,1,0.5115
syn_average_04,P-AVERAGE,20,2026-10-01T20:22:37.802942,PY-FLOW-01,IT-F01-02,2,1,1,44.0,0,0.5115
syn_average_04,P-AVERAGE,21,2026-10-01T20:23:52.982213,PY-FLOW-01,IT-F01-03,2,1,1,46.4,0,0.5115
syn_average_04,P-AVERAGE,22,2026-10-01T20:26:49.152214,PY-FLOW-01,IT-F01-04,3,1,4,135.0,0,0.5115
syn_average_04,P-AVERAGE,23,2026-10-01T20:29:01.148936,PY-FLOW-01,IT-F01-01,2,1,3,95.7,0,0.5115
syn_average_04,P-AVERAGE,24,2026-10-01T20:31:16.440423,PY-FLOW-01,IT-F01-02,2,0,3,96.4,1,0.5115
syn_average_04,P-AVERAGE,25,2026-10-01T20:32:28.288095,PY-FLOW-02,IT-F02-01,2,0,1,37.7,0,0.6652
syn_average_04,P-AVERAGE,26,2026-10-01T20:35:46.655190,PY-FLOW-02,IT-F02-02,3,0,5,149.8,0,0.6652
syn_average_04,P-AVERAGE,27,2026-10-01T20:38:47.740798,PY-FLOW-02,IT-F02-03,3,1,3,151.2,1,0.6652
syn_average_04,P-AVERAGE,28,2026-10-01T20:41:28.869270,PY-FLOW-02,IT-F02-04,3,1,4,114.5,1,0.6652
syn_average_04,P-AVERAGE,29,2026-10-01T20:44:18.960509,PY-FLOW-02,IT-F02-01,2,0,4,142.9,1,0.6652
syn_average_04,P-AVERAGE,30,2026-10-01T22:35:40.276637,PY-FLOW-02,IT-F02-02,3,1,7,169.1,0,0.6652
syn_average_04,P-AVERAGE,31,2026-10-01T22:38:38.042930,PY-FLOW-03,IT-F03-01,2,0,5,154.1,0,0.6652
syn_average_04,P-AVERAGE,32,2026-10-01T22:40:33.922893,PY-FLOW-03,IT-F03-02,2,0,3,95.5,0,0.6652
syn_average_04,P-AVERAGE,33,2026-10-01T22:44:26.436771,PY-FLOW-03,IT-F03-03,3,1,5,193.4,0,0.6652
syn_average_04,P-AVERAGE,34,2026-10-01T22:48:12.535303,PY-FLOW-03,IT-F03-04,3,0,5,176.8,0,0.6652
syn_average_04,P-AVERAGE,35,2026-10-01T22:50:49.667046,PY-FLOW-03,IT-F03-01,2,1,4,133.8,0,0.6652
syn_average_04,P-AVERAGE,36,2026-10-01T22:53:09.704355,PY-FLOW-03,IT-F03-02,2,1,4,115.3,1,0.6652
syn_average_04,P-AVERAGE,37,2026-10-01T22:56:08.593291,PY-FLOW-03,IT-F03-03,3,1,4,142.1,1,0.6652
syn_average_04,P-AVERAGE,38,2026-10-01T22:58:48.399616,PY-FLOW-03,IT-F03-04,3,1,3,112.2,2,0.6652
syn_average_04,P-AVERAGE,39,2026-10-01T23:02:25.346932,PY-FLOW-03,IT-F03-01,2,1,4,158.0,0,0.6652
syn_average_04,P-AVERAGE,40,2026-10-02T01:17:24.343920,PY-FLOW-03,IT-F03-02,2,0,4,113.4,0,0.6652
syn_average_04,P-AVERAGE,41,2026-10-02T01:19:16.067595,PY-FLOW-03,IT-F03-03,3,1,3,92.2,0,0.6652
syn_average_04,P-AVERAGE,42,2026-10-02T01:20:55.002886,PY-FLOW-03,IT-F03-04,3,0,1,75.2,0,0.6652
syn_average_04,P-AVERAGE,43,2026-10-02T01:23:04.939628,PY-FLOW-03,IT-F03-01,2,0,3,104.7,2,0.6652
syn_average_04,P-AVERAGE,44,2026-10-02T01:25:09.414497,PY-FLOW-03,IT-F03-02,2,1,3,101.4,1,0.6652
syn_average_05,P-AVERAGE,1,2026-10-01T08:12:12.445544,PY-BASICS-01,IT-B01-01,1,0,3,82.2,0,1.0
syn_average_05,P-AVERAGE,2,2026-10-01T08:13:12.889554,PY-BASICS-01,IT-B01-02,1,1,1,33.1,0,1.0
syn_average_05,P-AVERAGE,3,2026-10-01T08:15:48.932826,PY-BASICS-01,IT-B01-03,1,0,6,97.2,1,1.0
syn_average_05,P-AVERAGE,4,2026-10-01T08:17:41.833980,PY-BASICS-01,IT-B01-04,2,0,3,73.0,0,1.0
syn_average_05,P-AVERAGE,5,2026-10-01T08:20:25.617763,PY-BASICS-01,IT-B01-01,1,1,6,117.4,0,1.0
syn_average_05,P-AVERAGE,6,2026-10-01T08:22:34.600340,PY-BASICS-01,IT-B01-02,1,1,3,108.3,1,1.0
syn_average_05,P-AVERAGE,7,2026-10-01T08:24:12.681094,PY-BASICS-02,IT-B02-01,1,1,1,44.0,0,0.5218
syn_average_05,P-AVERAGE,8,2026-10-01T08:26:29.870635,PY-BASICS-02,IT-B02-02,2,0,2,100.1,0,0.5218
syn_average_05,P-AVERAGE,9,2026-10-01T08:30:12.243023,PY-BASICS-02,IT-B02-03,2,1,7,168.1,0,0.5218
syn_average_05,P-AVERAGE,10,2026-10-01T11:13:00.148417,PY-BASICS-02,IT-B02-04,3,0,3,102.5,0,0.5218
syn_average_05,P-AVERAGE,11,2026-10-01T11:14:23.469513,PY-BASICS-02,IT-B02-01,1,0,2,48.5,0,0.5218
syn_average_05,P-AVERAGE,12,2026-10-01T11:16:44.465878,PY-BASICS-02,IT-B02-02,2,0,4,117.7,0,0.5218
syn_average_05,P-AVERAGE,13,2026-10-01T11:17:52.577830,PY-BASICS-03,IT-B03-01,1,1,1,50.8,0,0.5218
syn_average_05,P-AVERAGE,14,2026-10-01T11:20:14.025692,PY-BASICS-03,IT-B03-02,2,0,3,84.1,1,0.5218
syn_average_05,P-AVERAGE,15,2026-10-01T11:22:36.823505,PY-BASICS-03,IT-B03-03,2,0,3,106.3,0,0.5218
syn_average_05,P-AVERAGE,16,2026-10-01T11:25:03.718709,PY-BASICS-03,IT-B03-04,3,0,4,94.9,0,0.5218
syn_average_05,P-AVERAGE,17,2026-10-01T11:26:23.950544,PY-BASICS-03,IT-B03-01,1,1,1,47.2,0,0.5218
syn_average_05,P-AVERAGE,18,2026-10-01T11:27:39.984242,PY-BASICS-03,IT-B03-02,2,1,1,57.7,0,0.5218
syn_average_05,P-AVERAGE,19,2026-10-01T11:30:17.009299,PY-FLOW-01,IT-F01-01,2,0,3,113.7,0,0.5141
syn_average_05,P-AVERAGE,20,2026-10-01T13:24:21.099967,PY-FLOW-01,IT-F01-02,2,0,3,83.9,0,0.5141
syn_average_05,P-AVERAGE,21,2026-10-01T13:26:27.227749,PY-FLOW-01,IT-F01-03,2,1,4,85.8,0,0.5141
syn_average_05,P-AVERAGE,22,2026-10-01T13:29:28.000347,PY-FLOW-01,IT-F01-04,3,0,4,152.1,0,0.5141
syn_average_05,P-AVERAGE,23,2026-10-01T13:32:33.926663,PY-FLOW-01,IT-F01-01,2,1,6,126.2,1,0.5141
syn_average_05,P-AVERAGE,24,2026-10-01T13:34:02.356983,PY-FLOW-01,IT-F01-02,2,1,3,68.1,0,0.5141
syn_average_05,P-AVERAGE,25,2026-10-01T13:37:18.356938,PY-FLOW-02,IT-F02-01,2,0,3,146.6,1,0.5299
syn_average_05,P-AVERAGE,26,2026-10-01T13:41:28.241232,PY-FLOW-02,IT-F02-02,3,0,6,207.6,0,0.5299
syn_average_05,P-AVERAGE,27,2026-10-01T13:43:42.224569,PY-FLOW-02,IT-F02-03,3,0,2,83.4,0,0.5299
syn_average_05,P-AVERAGE,28,2026-10-01T13:45:08.580490,PY-FLOW-02,IT-F02-04,3,1,1,61.2,0,0.5299
syn_average_05,P-AVERAGE,29,2026-10-01T13:47:47.696254,PY-FLOW-02,IT-F02-01,2,1,3,120.6,1,0.5299
syn_average_05,P-AVERAGE,30,2026-10-01T16:27:07.058441,PY-FLOW-02,IT-F02-02,3,1,5,139.6,1,0.5299
syn_average_05,P-AVERAGE,31,2026-10-01T16:29:48.965941,PY-FLOW-03,IT-F03-01,2,0,3,108.2,1,0.5299
syn_average_05,P-AVERAGE,32,2026-10-01T16:32:08.617348,PY-FLOW-03,IT-F03-02,2,1,3,80.1,1,0.5299
syn_average_05,P-AVERAGE,33,2026-10-01T16:35:36.359459,PY-FLOW-03,IT-F03-03,3,1,6,179.0,1,0.5299
syn_average_05,P-AVERAGE,34,2026-10-01T16:37:34.205688,PY-FLOW-03,IT-F03-04,3,0,1,74.9,0,0.5299
syn_average_05,P-AVERAGE,35,2026-10-01T16:40:12.439079,PY-FLOW-03,IT-F03-01,2,1,3,115.8,0,0.5299
syn_average_05,P-AVERAGE,36,2026-10-01T16:42:32.443098,PY-FLOW-03,IT-F03-02,2,1,2,91.7,0,0.5299
syn_average_05,P-AVERAGE,37,2026-10-01T16:45:36.284657,PY-FLOW-03,IT-F03-03,3,1,3,126.2,0,0.5299
syn_average_05,P-AVERAGE,38,2026-10-01T16:47:32.935113,PY-FLOW-03,IT-F03-04,3,0,3,92.3,0,0.5299
syn_average_05,P-AVERAGE,39,2026-10-01T16:48:49.331247,PY-FLOW-03,IT-F03-01,2,0,2,51.9,0,0.5299
syn_average_05,P-AVERAGE,40,2026-10-01T18:45:02.364353,PY-FLOW-03,IT-F03-02,2,1,5,114.8,0,0.5299
syn_average_06,P-AVERAGE,1,2026-10-01T10:06:43.223207,PY-BASICS-01,IT-B01-01,1,0,3,76.1,0,1.0
syn_average_06,P-AVERAGE,2,2026-10-01T10:08:15.043615,PY-BASICS-01,IT-B01-02,1,1,5,76.7,0,1.0
syn_average_06,P-AVERAGE,3,2026-10-01T10:09:37.616282,PY-BASICS-01,IT-B01-03,1,0,4,47.3,2,1.0
syn_average_06,P-AVERAGE,4,2026-10-01T10:11:38.437786,PY-BASICS-01,IT-B01-04,2,0,3,79.1,0,1.0
syn_average_06,P-AVERAGE,5,2026-10-01T10:13:29.244454,PY-BASICS-01,IT-B01-01,1,1,3,82.7,0,1.0
syn_average_06,P-AVERAGE,6,2026-10-01T10:15:31.760885,PY-BASICS-01,IT-B01-02,1,1,6,97.1,0,1.0
syn_average_06,P-AVERAGE,7,2026-10-01T10:17:13.973897,PY-BASICS-02,IT-B02-01,1,1,3,55.4,0,0.5218
syn_average_06,P-AVERAGE,8,2026-10-01T10:19:47.908337,PY-BASICS-02,IT-B02-02,2,1,4,107.3,0,0.5218
syn_average_06,P-AVERAGE,9,2026-10-01T10:22:16.439747,PY-BASICS-02,IT-B02-03,2,0,4,113.1,0,0.5218
syn_average_06,P-AVERAGE,10,2026-10-01T14:14:57.771468,PY-BASICS-02,IT-B02-04,3,0,5,200.2,0,0.5218
syn_average_06,P-AVERAGE,11,2026-10-01T14:16:41.723729,PY-BASICS-02,IT-B02-01,1,1,1,53.5,0,0.5218
syn_average_06,P-AVERAGE,12,2026-10-01T14:18:26.551339,PY-BASICS-02,IT-B02-02,2,0,1,61.7,0,0.5218
syn_average_06,P-AVERAGE,13,2026-10-01T14:20:16.604576,PY-BASICS-03,IT-B03-01,1,1,1,65.3,1,0.5218
syn_average_06,P-AVERAGE,14,2026-10-01T14:22:13.519657,PY-BASICS-03,IT-B03-02,2,0,1,59.9,0,0.5218
syn_average_06,P-AVERAGE,15,2026-10-01T14:25:48.150910,PY-BASICS-03,IT-B03-03,2,1,7,180.5,0,0.5218
syn_average_06,P-AVERAGE,16,2026-10-01T14:29:50.656217,PY-BASICS-03,IT-B03-04,3,1,7,203.0,0,0.5218
syn_average_06,P-AVERAGE,17,2026-10-01T14:32:49.699780,PY-BASICS-03,IT-B03-01,1,1,7,134.9,0,0.5218
syn_average_06,P-AVERAGE,18,2026-10-01T14:34:25.678295,PY-BASICS-03,IT-B03-02,2,1,1,40.1,0,0.5218
syn_average_06,P-AVERAGE,19,2026-10-01T14:37:42.376697,PY-FLOW-01,IT-F01-01,2,0,4,144.5,0,0.8463
syn_average_06,P-AVERAGE,20,2026-10-01T16:35:04.695243,PY-FLOW-01,IT-F01-02,2,1,6,130.8,0,0.8463
syn_average_06,P-AVERAGE,21,2026-10-01T16:36:23.337775,PY-FLOW-01,IT-F01-03,2,1,1,49.8,1,0.8463
syn_average_06,P-AVERAGE,22,2026-10-01T16:40:27.140872,PY-FLOW-01,IT-F01-04,3,0,6,195.1,0,0.8463
syn_average_06,P-AVERAGE,23,2026-10-01T16:42:42.355189,PY-FLOW-01,IT-F01-01,2,0,3,94.6,0,0.8463
syn_average_06,P-AVERAGE,24,2026-10-01T16:45:48.442665,PY-FLOW-01,IT-F01-02,2,1,6,158.1,2,0.8463
syn_average_06,P-AVERAGE,25,2026-10-01T16:47:58.638580,PY-FLOW-02,IT-F02-01,2,0,3,109.6,0,0.5043
syn_average_06,P-AVERAGE,26,2026-10-01T16:50:56.629090,PY-FLOW-02,IT-F02-02,3,0,4,132.0,0,0.5043
syn_average_06,P-AVERAGE,27,2026-10-01T16:54:40.617106,PY-FLOW-02,IT-F02-03,3,0,5,177.5,0,0.5043
syn_average_06,P-AVERAGE,28,2026-10-01T16:58:22.037537,PY-FLOW-02,IT-F02-04,3,1,4,164.0,0,0.5043
syn_average_06,P-AVERAGE,29,2026-10-01T17:00:36.758785,PY-FLOW-02,IT-F02-01,2,1,4,97.2,2,0.5043
syn_average_06,P-AVERAGE,30,2026-10-01T18:46:16.156237,PY-FLOW-02,IT-F02-02,3,1,4,178.2,1,0.5043
syn_average_06,P-AVERAGE,31,2026-10-01T18:48:46.849972,PY-FLOW-03,IT-F03-01,2,0,4,133.9,0,0.5043
syn_average_06,P-AVERAGE,32,2026-10-01T18:51:33.991262,PY-FLOW-03,IT-F03-02,2,1,6,132.7,0,0.5043
syn_average_06,P-AVERAGE,33,2026-10-01T18:54:24.595733,PY-FLOW-03,IT-F03-03,3,0,6,141.1,0,0.5043
syn_average_06,P-AVERAGE,34,2026-10-01T18:56:32.662289,PY-FLOW-03,IT-F03-04,3,0,3,101.8,2,0.5043
syn_average_06,P-AVERAGE,35,2026-10-01T18:58:48.571999,PY-FLOW-03,IT-F03-01,2,0,3,116.8,1,0.5043
syn_average_06,P-AVERAGE,36,2026-10-01T19:00:37.157999,PY-FLOW-03,IT-F03-02,2,1,2,50.3,0,0.5043
syn_average_07,P-AVERAGE,1,2026-10-01T18:04:01.196081,PY-BASICS-01,IT-B01-01,1,1,4,86.9,0,1.0
syn_average_07,P-AVERAGE,2,2026-10-01T18:06:41.781464,PY-BASICS-01,IT-B01-02,1,1,7,102.8,0,1.0
syn_average_07,P-AVERAGE,3,2026-10-01T18:09:06.162223,PY-BASICS-01,IT-B01-03,1,1,3,84.4,1,1.0
syn_average_07,P-AVERAGE,4,2026-10-01T18:10:40.914894,PY-BASICS-01,IT-B01-04,2,1,1,49.5,0,1.0
syn_average_07,P-AVERAGE,5,2026-10-01T18:11:46.442890,PY-BASICS-01,IT-B01-01,1,1,2,38.4,0,1.0
syn_average_07,P-AVERAGE,6,2026-10-01T18:12:31.553315,PY-BASICS-01,IT-B01-02,1,1,1,28.3,0,1.0
syn_average_07,P-AVERAGE,7,2026-10-01T18:14:25.285412,PY-BASICS-02,IT-B02-01,1,1,3,64.7,0,1.0
syn_average_07,P-AVERAGE,8,2026-10-01T18:16:45.157949,PY-BASICS-02,IT-B02-02,2,1,4,103.7,2,1.0
syn_average_07,P-AVERAGE,9,2026-10-01T18:20:25.875876,PY-BASICS-02,IT-B02-03,2,1,7,176.4,0,1.0
syn_average_07,P-AVERAGE,10,2026-10-01T20:20:52.401476,PY-BASICS-02,IT-B02-04,3,1,4,136.9,0,1.0
syn_average_07,P-AVERAGE,11,2026-10-01T20:22:17.541309,PY-BASICS-02,IT-B02-01,1,0,3,43.8,0,1.0
syn_average_07,P-AVERAGE,12,2026-10-01T20:23:44.906621,PY-BASICS-02,IT-B02-02,2,1,1,43.8,0,1.0
syn_average_07,P-AVERAGE,13,2026-10-01T20:25:25.434282,PY-BASICS-03,IT-B03-01,1,0,2,63.4,1,1.0
syn_average_07,P-AVERAGE,14,2026-10-01T20:27:38.740190,PY-BASICS-03,IT-B03-02,2,1,4,114.2,2,1.0
syn_average_07,P-AVERAGE,15,2026-10-01T20:30:17.698438,PY-BASICS-03,IT-B03-03,2,1,4,128.3,0,1.0
syn_average_07,P-AVERAGE,16,2026-10-01T20:32:22.197316,PY-BASICS-03,IT-B03-04,3,0,3,94.5,0,1.0
syn_average_07,P-AVERAGE,17,2026-10-01T20:34:12.553324,PY-BASICS-03,IT-B03-01,1,1,4,65.2,0,1.0
syn_average_07,P-AVERAGE,18,2026-10-01T20:36:33.651313,PY-BASICS-03,IT-B03-02,2,1,2,87.5,0,1.0
syn_average_07,P-AVERAGE,19,2026-10-01T20:37:57.592478,PY-FLOW-01,IT-F01-01,2,1,1,54.1,1,0.6836
syn_average_07,P-AVERAGE,20,2026-10-01T22:52:44.967951,PY-FLOW-01,IT-F01-02,2,1,1,47.2,1,0.6836
syn_average_07,P-AVERAGE,21,2026-10-01T22:54:47.201660,PY-FLOW-01,IT-F01-03,2,0,2,64.7,1,0.6836
syn_average_07,P-AVERAGE,22,2026-10-01T22:57:48.312132,PY-FLOW-01,IT-F01-04,3,0,4,129.5,1,0.6836
syn_average_07,P-AVERAGE,23,2026-10-01T22:59:44.066479,PY-FLOW-01,IT-F01-01,2,0,2,76.0,0,0.6836
syn_average_07,P-AVERAGE,24,2026-10-01T23:01:24.133645,PY-FLOW-01,IT-F01-02,2,1,3,64.6,0,0.6836
syn_average_07,P-AVERAGE,25,2026-10-01T23:04:16.086917,PY-FLOW-02,IT-F02-01,2,0,5,142.8,0,0.4885
syn_average_07,P-AVERAGE,26,2026-10-01T23:08:19.034237,PY-FLOW-02,IT-F02-02,3,0,5,213.4,0,0.4885
syn_average_07,P-AVERAGE,27,2026-10-01T23:11:25.092550,PY-FLOW-02,IT-F02-03,3,0,3,127.4,0,0.4885
syn_average_07,P-AVERAGE,28,2026-10-01T23:13:55.580428,PY-FLOW-02,IT-F02-04,3,0,3,117.3,0,0.4885
syn_average_07,P-AVERAGE,29,2026-10-01T23:17:59.137259,PY-FLOW-02,IT-F02-01,2,0,6,205.4,1,0.4885
syn_average_07,P-AVERAGE,30,2026-10-02T02:29:46.046102,PY-FLOW-02,IT-F02-02,3,0,3,128.5,0,0.4885
syn_average_07,P-AVERAGE,31,2026-10-02T02:31:34.662814,PY-FLOW-03,IT-F03-01,2,0,2,69.2,0,0.4885
syn_average_07,P-AVERAGE,32,2026-10-02T02:34:45.158955,PY-FLOW-03,IT-F03-02,2,0,5,156.9,0,0.4885
syn_average_07,P-AVERAGE,33,2026-10-02T02:37:10.400169,PY-FLOW-03,IT-F03-03,3,1,4,121.8,0,0.4885
syn_average_07,P-AVERAGE,34,2026-10-02T02:38:47.680240,PY-FLOW-03,IT-F03-04,3,0,1,66.0,0,0.4885
syn_average_07,P-AVERAGE,35,2026-10-02T02:40:16.720182,PY-FLOW-03,IT-F03-01,2,0,1,40.0,0,0.4885
syn_average_07,P-AVERAGE,36,2026-10-02T02:43:36.663575,PY-FLOW-03,IT-F03-02,2,1,7,156.8,1,0.4885
syn_average_07,P-AVERAGE,37,2026-10-02T02:46:01.863149,PY-FLOW-03,IT-F03-03,3,0,3,96.0,0,0.4885
syn_average_07,P-AVERAGE,38,2026-10-02T02:48:59.623270,PY-FLOW-03,IT-F03-04,3,0,5,153.6,0,0.4885
syn_average_07,P-AVERAGE,39,2026-10-02T02:52:04.038154,PY-FLOW-03,IT-F03-01,2,1,3,144.7,0,0.4885
syn_average_07,P-AVERAGE,40,2026-10-02T05:31:51.928284,PY-FLOW-03,IT-F03-02,2,1,6,188.1,1,0.4885
syn_average_07,P-AVERAGE,41,2026-10-02T05:34:11.449535,PY-FLOW-03,IT-F03-03,3,1,3,93.1,1,0.4885
syn_average_07,P-AVERAGE,42,2026-10-02T05:35:56.013709,PY-FLOW-03,IT-F03-04,3,0,3,84.1,0,0.4885
syn_average_07,P-AVERAGE,43,2026-10-02T05:37:48.005316,PY-FLOW-03,IT-F03-01,2,1,1,53.2,0,0.4885
syn_average_08,P-AVERAGE,1,2026-10-01T15:19:45.824404,PY-BASICS-01,IT-B01-01,1,0,1,56.8,1,1.0
syn_average_08,P-AVERAGE,2,2026-10-01T15:21:30.251421,PY-BASICS-01,IT-B01-02,1,1,3,82.3,1,1.0
syn_average_08,P-AVERAGE,3,2026-10-01T15:22:43.539176,PY-BASICS-01,IT-B01-03,1,1,1,33.5,0,1.0
syn_average_08,P-AVERAGE,4,2026-10-01T15:24:08.090489,PY-BASICS-01,IT-B01-04,2,0,1,44.7,0,1.0
syn_average_08,P-AVERAGE,5,2026-10-01T15:26:00.684903,PY-BASICS-01,IT-B01-01,1,0,6,93.4,2,1.0
syn_average_08,P-AVERAGE,6,2026-10-01T15:27:42.036474,PY-BASICS-01,IT-B01-02,1,0,1,41.7,0,1.0
syn_average_08,P-AVERAGE,7,2026-10-01T15:29:27.818319,PY-BASICS-02,IT-B02-01,1,0,1,49.7,0,0.3156
syn_average_08,P-AVERAGE,8,2026-10-01T15:31:29.483474,PY-BASICS-02,IT-B02-02,2,0,3,85.9,0,0.3156
syn_average_08,P-AVERAGE,9,2026-10-01T15:34:08.469451,PY-BASICS-02,IT-B02-03,2,1,5,138.7,0,0.3156
syn_average_08,P-AVERAGE,10,2026-10-01T18:22:24.695436,PY-BASICS-02,IT-B02-04,3,0,4,158.4,0,0.3156
syn_average_08,P-AVERAGE,11,2026-10-01T18:24:52.142586,PY-BASICS-02,IT-B02-01,1,1,4,100.2,0,0.3156
syn_average_08,P-AVERAGE,12,2026-10-01T18:26:32.541827,PY-BASICS-02,IT-B02-02,2,1,2,62.5,0,0.3156
syn_average_08,P-AVERAGE,13,2026-10-01T18:28:15.145947,PY-BASICS-03,IT-B03-01,1,1,3,75.3,2,0.3156
syn_average_08,P-AVERAGE,14,2026-10-01T18:30:31.908525,PY-BASICS-03,IT-B03-02,2,0,3,84.2,1,0.3156
syn_average_08,P-AVERAGE,15,2026-10-01T18:34:47.519533,PY-BASICS-03,IT-B03-03,2,1,7,196.5,0,0.3156
syn_average_08,P-AVERAGE,16,2026-10-01T18:36:54.187424,PY-BASICS-03,IT-B03-04,3,0,4,100.7,0,0.3156
syn_average_08,P-AVERAGE,17,2026-10-01T18:39:08.094352,PY-BASICS-03,IT-B03-01,1,0,6,94.1,0,0.3156
syn_average_08,P-AVERAGE,18,2026-10-01T18:42:04.555723,PY-BASICS-03,IT-B03-02,2,1,6,144.2,0,0.3156
syn_average_08,P-AVERAGE,19,2026-10-01T18:44:42.339790,PY-FLOW-01,IT-F01-01,2,1,3,101.3,0,0.4966
syn_average_08,P-AVERAGE,20,2026-10-01T22:27:53.746926,PY-FLOW-01,IT-F01-02,2,0,1,39.6,0,0.4966
syn_average_08,P-AVERAGE,21,2026-10-01T22:30:53.328138,PY-FLOW-01,IT-F01-03,2,1,3,125.7,0,0.4966
syn_average_08,P-AVERAGE,22,2026-10-01T22:32:19.559271,PY-FLOW-01,IT-F01-04,3,0,1,58.8,0,0.4966
syn_average_08,P-AVERAGE,23,2026-10-01T22:35:49.009549,PY-FLOW-01,IT-F01-01,2,0,6,158.9,0,0.4966
syn_average_08,P-AVERAGE,24,2026-10-01T22:37:20.581958,PY-FLOW-01,IT-F01-02,2,0,2,57.9,0,0.4966
syn_average_08,P-AVERAGE,25,2026-10-01T22:40:25.023136,PY-FLOW-02,IT-F02-01,2,0,4,127.4,0,0.3079
syn_average_08,P-AVERAGE,26,2026-10-01T22:41:57.471331,PY-FLOW-02,IT-F02-02,3,0,1,54.6,0,0.3079
syn_average_08,P-AVERAGE,27,2026-10-01T22:44:58.896057,PY-FLOW-02,IT-F02-03,3,1,3,129.5,1,0.3079
syn_average_08,P-AVERAGE,28,2026-10-01T22:46:31.823811,PY-FLOW-02,IT-F02-04,3,0,2,65.2,0,0.3079
syn_average_08,P-AVERAGE,29,2026-10-01T22:48:26.958824,PY-FLOW-02,IT-F02-01,2,1,3,86.7,0,0.3079
syn_average_08,P-AVERAGE,30,2026-10-02T02:50:38.892021,PY-FLOW-02,IT-F02-02,3,1,3,100.4,0,0.3079
syn_average_08,P-AVERAGE,31,2026-10-02T02:53:12.025837,PY-FLOW-03,IT-F03-01,2,0,3,116.1,0,0.3079
syn_average_08,P-AVERAGE,32,2026-10-02T02:56:46.912631,PY-FLOW-03,IT-F03-02,2,1,7,193.2,0,0.3079
syn_average_08,P-AVERAGE,33,2026-10-02T02:59:20.748757,PY-FLOW-03,IT-F03-03,3,0,3,114.6,0,0.3079
syn_average_08,P-AVERAGE,34,2026-10-02T03:01:25.579334,PY-FLOW-03,IT-F03-04,3,1,3,94.3,0,0.3079
syn_average_08,P-AVERAGE,35,2026-10-02T03:03:35.815618,PY-FLOW-03,IT-F03-01,2,1,3,90.4,1,0.3079
syn_average_08,P-AVERAGE,36,2026-10-02T03:06:04.269971,PY-FLOW-03,IT-F03-02,2,0,4,109.0,0,0.3079
syn_average_08,P-AVERAGE,37,2026-10-02T03:10:08.860479,PY-FLOW-03,IT-F03-03,3,1,6,209.1,1,0.3079
syn_average_08,P-AVERAGE,38,2026-10-02T03:14:07.240460,PY-FLOW-03,IT-F03-04,3,0,5,208.9,2,0.3079
syn_average_08,P-AVERAGE,39,2026-10-02T03:17:00.129817,PY-FLOW-03,IT-F03-01,2,1,7,149.4,1,0.3079
syn_average_09,P-AVERAGE,1,2026-10-01T16:24:24.462967,PY-BASICS-01,IT-B01-01,1,1,6,91.8,0,1.0
syn_average_09,P-AVERAGE,2,2026-10-01T16:25:31.373277,PY-BASICS-01,IT-B01-02,1,0,3,41.4,0,1.0
syn_average_09,P-AVERAGE,3,2026-10-01T16:28:05.672778,PY-BASICS-01,IT-B01-03,1,1,7,104.4,0,1.0
syn_average_09,P-AVERAGE,4,2026-10-01T16:29:11.936906,PY-BASICS-01,IT-B01-04,2,0,2,49.3,0,1.0
syn_average_09,P-AVERAGE,5,2026-10-01T16:30:27.848638,PY-BASICS-01,IT-B01-01,1,1,1,27.4,0,1.0
syn_average_09,P-AVERAGE,6,2026-10-01T16:33:05.183893,PY-BASICS-01,IT-B01-02,1,0,5,110.6,0,1.0
syn_average_09,P-AVERAGE,7,2026-10-01T16:36:05.697294,PY-BASICS-02,IT-B02-01,1,1,4,129.0,1,0.4872
syn_average_09,P-AVERAGE,8,2026-10-01T16:37:20.270838,PY-BASICS-02,IT-B02-02,2,0,1,42.2,0,0.4872
syn_average_09,P-AVERAGE,9,2026-10-01T16:38:42.936835,PY-BASICS-02,IT-B02-03,2,0,1,37.8,0,0.4872
syn_average_09,P-AVERAGE,10,2026-10-01T20:39:04.633723,PY-BASICS-02,IT-B02-04,3,1,5,142.4,1,0.4872
syn_average_09,P-AVERAGE,11,2026-10-01T20:42:06.623512,PY-BASICS-02,IT-B02-01,1,1,7,144.7,1,0.4872
syn_average_09,P-AVERAGE,12,2026-10-01T20:45:51.889395,PY-BASICS-02,IT-B02-02,2,1,6,208.6,0,0.4872
syn_average_09,P-AVERAGE,13,2026-10-01T20:47:29.492497,PY-BASICS-03,IT-B03-01,1,0,2,60.0,0,0.4872
syn_average_09,P-AVERAGE,14,2026-10-01T20:48:59.450616,PY-BASICS-03,IT-B03-02,2,0,2,48.4,0,0.4872
syn_average_09,P-AVERAGE,15,2026-10-01T20:52:15.387130,PY-BASICS-03,IT-B03-03,2,1,5,141.8,0,0.4872
syn_average_09,P-AVERAGE,16,2026-10-01T20:55:37.225697,PY-BASICS-03,IT-B03-04,3,1,4,147.5,1,0.4872
syn_average_09,P-AVERAGE,17,2026-10-01T20:57:44.339476,PY-BASICS-03,IT-B03-01,1,0,4,92.3,2,0.4872
syn_average_09,P-AVERAGE,18,2026-10-01T20:59:48.607275,PY-BASICS-03,IT-B03-02,2,1,3,85.6,0,0.4872
syn_average_09,P-AVERAGE,19,2026-10-01T21:01:38.869038,PY-FLOW-01,IT-F01-01,2,0,2,74.7,0,0.5209
syn_average_09,P-AVERAGE,20,2026-10-01T23:34:44.186588,PY-FLOW-01,IT-F01-02,2,1,1,48.0,0,0.5209
syn_average_09,P-AVERAGE,21,2026-10-01T23:38:06.951748,PY-FLOW-01,IT-F01-03,2,1,5,158.3,0,0.5209
syn_average_09,P-AVERAGE,22,2026-10-01T23:41:04.998003,PY-FLOW-01,IT-F01-04,3,1,6,156.1,1,0.5209
syn_average_09,P-AVERAGE,23,2026-10-01T23:43:51.625080,PY-FLOW-01,IT-F01-01,2,1,4,130.5,0,0.5209
syn_average_09,P-AVERAGE,24,2026-10-01T23:46:37.839243,PY-FLOW-01,IT-F01-02,2,0,5,107.6,0,0.5209
syn_average_09,P-AVERAGE,25,2026-10-01T23:49:03.874499,PY-FLOW-02,IT-F02-01,2,0,3,115.8,0,0.6652
syn_average_09,P-AVERAGE,26,2026-10-01T23:51:19.446206,PY-FLOW-02,IT-F02-02,3,0,3,89.4,0,0.6652
syn_average_09,P-AVERAGE,27,2026-10-01T23:52:39.788855,PY-FLOW-02,IT-F02-03,3,0,1,36.1,0,0.6652
syn_average_09,P-AVERAGE,28,2026-10-01T23:56:53.718293,PY-FLOW-02,IT-F02-04,3,1,6,200.6,2,0.6652
syn_average_09,P-AVERAGE,29,2026-10-01T23:59:01.173653,PY-FLOW-02,IT-F02-01,2,0,3,74.1,1,0.6652
syn_average_09,P-AVERAGE,30,2026-10-02T02:27:58.228629,PY-FLOW-02,IT-F02-02,3,0,1,63.3,0,0.6652
syn_average_09,P-AVERAGE,31,2026-10-02T02:29:46.278381,PY-FLOW-03,IT-F03-01,2,0,3,78.8,1,0.6652
syn_average_09,P-AVERAGE,32,2026-10-02T02:32:11.420665,PY-FLOW-03,IT-F03-02,2,1,4,97.8,0,0.6652
syn_average_09,P-AVERAGE,33,2026-10-02T02:34:40.593746,PY-FLOW-03,IT-F03-03,3,0,3,100.0,1,0.6652
syn_average_09,P-AVERAGE,34,2026-10-02T02:36:18.450982,PY-FLOW-03,IT-F03-04,3,0,1,43.6,1,0.6652
syn_average_09,P-AVERAGE,35,2026-10-02T02:39:01.466441,PY-FLOW-03,IT-F03-01,2,1,5,146.4,1,0.6652
syn_average_10,P-AVERAGE,1,2026-10-01T08:51:07.278524,PY-BASICS-01,IT-B01-01,1,0,3,68.1,0,1.0
syn_average_10,P-AVERAGE,2,2026-10-01T08:53:34.620333,PY-BASICS-01,IT-B01-02,1,1,4,90.9,0,1.0
syn_average_10,P-AVERAGE,3,2026-10-01T08:55:29.204500,PY-BASICS-01,IT-B01-03,1,0,2,54.7,0,1.0
syn_average_10,P-AVERAGE,4,2026-10-01T08:57:53.308987,PY-BASICS-01,IT-B01-04,2,1,3,95.5,1,1.0
syn_average_10,P-AVERAGE,5,2026-10-01T08:59:12.337703,PY-BASICS-01,IT-B01-01,1,0,2,44.5,0,1.0
syn_average_10,P-AVERAGE,6,2026-10-01T09:01:02.567644,PY-BASICS-01,IT-B01-02,1,1,6,90.8,1,1.0
syn_average_10,P-AVERAGE,7,2026-10-01T09:02:47.086296,PY-BASICS-02,IT-B02-01,1,1,3,61.0,0,0.5128
syn_average_10,P-AVERAGE,8,2026-10-01T09:04:58.352361,PY-BASICS-02,IT-B02-02,2,0,2,77.0,0,0.5128
syn_average_10,P-AVERAGE,9,2026-10-01T09:06:19.917896,PY-BASICS-02,IT-B02-03,2,1,1,46.6,0,0.5128
syn_average_10,P-AVERAGE,10,2026-10-01T12:54:04.864506,PY-BASICS-02,IT-B02-04,3,1,3,87.9,1,0.5128
syn_average_10,P-AVERAGE,11,2026-10-01T12:56:24.534100,PY-BASICS-02,IT-B02-01,1,0,6,122.6,1,0.5128
syn_average_10,P-AVERAGE,12,2026-10-01T13:00:31.160556,PY-BASICS-02,IT-B02-02,2,1,7,195.8,0,0.5128
syn_average_10,P-AVERAGE,13,2026-10-01T13:02:22.962106,PY-BASICS-03,IT-B03-01,1,0,4,83.6,2,0.5128
syn_average_10,P-AVERAGE,14,2026-10-01T13:04:40.129955,PY-BASICS-03,IT-B03-02,2,0,4,105.3,0,0.5128
syn_average_10,P-AVERAGE,15,2026-10-01T13:06:25.380596,PY-BASICS-03,IT-B03-03,2,0,3,83.7,0,0.5128
syn_average_10,P-AVERAGE,16,2026-10-01T13:08:42.083080,PY-BASICS-03,IT-B03-04,3,0,2,97.8,0,0.5128
syn_average_10,P-AVERAGE,17,2026-10-01T13:09:49.949843,PY-BASICS-03,IT-B03-01,1,1,1,27.4,0,0.5128
syn_average_10,P-AVERAGE,18,2026-10-01T13:13:16.513219,PY-BASICS-03,IT-B03-02,2,1,7,155.9,0,0.5128
syn_average_10,P-AVERAGE,19,2026-10-01T13:14:51.162483,PY-FLOW-01,IT-F01-01,2,0,1,72.0,0,0.3681
syn_average_10,P-AVERAGE,20,2026-10-01T16:57:15.472447,PY-FLOW-01,IT-F01-02,2,0,3,88.2,1,0.3681
syn_average_10,P-AVERAGE,21,2026-10-01T16:59:27.959414,PY-FLOW-01,IT-F01-03,2,1,3,89.6,0,0.3681
syn_average_10,P-AVERAGE,22,2026-10-01T17:03:59.496755,PY-FLOW-01,IT-F01-04,3,0,6,245.7,1,0.3681
syn_average_10,P-AVERAGE,23,2026-10-01T17:07:03.674061,PY-FLOW-01,IT-F01-01,2,1,7,128.1,1,0.3681
syn_average_10,P-AVERAGE,24,2026-10-01T17:08:40.914358,PY-FLOW-01,IT-F01-02,2,0,3,75.8,0,0.3681
syn_average_10,P-AVERAGE,25,2026-10-01T17:11:26.566104,PY-FLOW-02,IT-F02-01,2,0,5,129.9,0,0.3411
syn_average_10,P-AVERAGE,26,2026-10-01T17:12:40.095084,PY-FLOW-02,IT-F02-02,3,1,1,47.1,0,0.3411
syn_average_10,P-AVERAGE,27,2026-10-01T17:18:01.284786,PY-FLOW-02,IT-F02-03,3,1,6,294.7,0,0.3411
syn_average_10,P-AVERAGE,28,2026-10-01T17:20:17.607670,PY-FLOW-02,IT-F02-04,3,0,5,120.9,1,0.3411
syn_average_10,P-AVERAGE,29,2026-10-01T17:23:55.616158,PY-FLOW-02,IT-F02-01,2,1,7,166.8,0,0.3411
syn_average_10,P-AVERAGE,30,2026-10-01T20:39:00.468553,PY-FLOW-02,IT-F02-02,3,1,6,150.8,0,0.3411
syn_average_10,P-AVERAGE,31,2026-10-01T20:41:34.077456,PY-FLOW-03,IT-F03-01,2,1,4,131.5,0,0.3411
syn_average_10,P-AVERAGE,32,2026-10-01T20:43:48.955296,PY-FLOW-03,IT-F03-02,2,0,3,100.0,0,0.3411
syn_average_10,P-AVERAGE,33,2026-10-01T20:46:52.805749,PY-FLOW-03,IT-F03-03,3,1,7,153.3,2,0.3411
syn_average_10,P-AVERAGE,34,2026-10-01T20:49:55.946476,PY-FLOW-03,IT-F03-04,3,1,5,141.7,0,0.3411
syn_average_10,P-AVERAGE,35,2026-10-01T20:51:43.398718,PY-FLOW-03,IT-F03-01,2,0,3,63.7,1,0.3411
syn_average_10,P-AVERAGE,36,2026-10-01T20:53:09.792620,PY-FLOW-03,IT-F03-02,2,0,1,52.3,0,0.3411
syn_average_10,P-AVERAGE,37,2026-10-01T20:58:10.147040,PY-FLOW-03,IT-F03-03,3,1,7,274.1,1,0.3411
syn_average_10,P-AVERAGE,38,2026-10-01T21:01:22.685717,PY-FLOW-03,IT-F03-04,3,0,4,139.5,2,0.3411
syn_average_10,P-AVERAGE,39,2026-10-01T21:02:39.950482,PY-FLOW-03,IT-F03-01,2,0,2,53.3,0,0.3411
syn_average_10,P-AVERAGE,40,2026-10-01T23:46:53.034228,PY-FLOW-03,IT-F03-02,2,1,4,71.9,1,0.3411
syn_average_10,P-AVERAGE,41,2026-10-01T23:50:46.208485,PY-FLOW-03,IT-F03-03,3,1,4,207.5,0,0.3411
syn_average_10,P-AVERAGE,42,2026-10-01T23:53:29.845006,PY-FLOW-03,IT-F03-04,3,1,5,122.9,0,0.3411
syn_fast_01,P-FAST,1,2026-10-01T14:55:22.946526,PY-BASICS-01,IT-B01-01,1,0,3,31.4,0,1.0
syn_fast_01,P-FAST,2,2026-10-01T14:56:13.631910,PY-BASICS-01,IT-B01-02,1,1,1,22.4,0,1.0
syn_fast_01,P-FAST,3,2026-10-01T14:57:36.639412,PY-BASICS-01,IT-B01-03,1,1,1,24.0,0,1.0
syn_fast_01,P-FAST,4,2026-10-01T14:58:49.359754,PY-BASICS-01,IT-B01-04,2,1,1,28.1,0,1.0
syn_fast_01,P-FAST,5,2026-10-01T14:59:41.011371,PY-BASICS-01,IT-B01-01,1,1,1,24.3,0,1.0
syn_fast_01,P-FAST,6,2026-10-01T15:00:54.578177,PY-BASICS-02,IT-B02-01,1,1,2,33.1,0,0.82
syn_fast_01,P-FAST,7,2026-10-01T15:02:09.239154,PY-BASICS-02,IT-B02-02,2,0,1,28.8,0,0.82
syn_fast_01,P-FAST,8,2026-10-01T15:03:23.249252,PY-BASICS-02,IT-B02-03,2,1,1,25.5,0,0.82
syn_fast_01,P-FAST,9,2026-10-01T15:04:17.956243,PY-BASICS-02,IT-B02-04,3,1,1,37.5,0,0.82
syn_fast_01,P-FAST,10,2026-10-01T17:49:55.390114,PY-BASICS-02,IT-B02-01,1,1,1,24.6,0,0.82
syn_fast_01,P-FAST,11,2026-10-01T17:51:27.077102,PY-BASICS-03,IT-B03-01,1,1,1,36.0,0,0.82
syn_fast_01,P-FAST,12,2026-10-01T17:52:24.455839,PY-BASICS-03,IT-B03-02,2,1,1,29.5,0,0.82
syn_fast_01,P-FAST,13,2026-10-01T17:53:44.804544,PY-BASICS-03,IT-B03-03,2,1,1,29.4,0,0.82
syn_fast_01,P-FAST,14,2026-10-01T17:55:13.622469,PY-BASICS-03,IT-B03-04,3,1,1,46.5,0,0.82
syn_fast_01,P-FAST,15,2026-10-01T17:56:01.076912,PY-BASICS-03,IT-B03-01,1,1,1,16.6,0,0.82
syn_fast_01,P-FAST,16,2026-10-01T17:57:22.924717,PY-FLOW-01,IT-F01-01,2,1,1,38.2,1,1.0
syn_fast_01,P-FAST,17,2026-10-01T17:58:40.864819,PY-FLOW-01,IT-F01-02,2,1,2,35.0,0,1.0
syn_fast_01,P-FAST,18,2026-10-01T17:59:53.064220,PY-FLOW-01,IT-F01-03,2,1,1,26.7,0,1.0
syn_fast_01,P-FAST,19,2026-10-01T18:01:26.805997,PY-FLOW-01,IT-F01-04,3,1,1,46.3,0,1.0
syn_fast_01,P-FAST,20,2026-10-01T21:38:24.403219,PY-FLOW-01,IT-F01-01,2,1,1,27.9,0,1.0
syn_fast_01,P-FAST,21,2026-10-01T21:40:04.174384,PY-FLOW-02,IT-F02-01,2,1,2,56.5,0,1.0
syn_fast_01,P-FAST,22,2026-10-01T21:41:35.827551,PY-FLOW-02,IT-F02-02,3,1,1,36.0,0,1.0
syn_fast_01,P-FAST,23,2026-10-01T21:42:52.812878,PY-FLOW-02,IT-F02-03,3,1,1,32.9,0,1.0
syn_fast_01,P-FAST,24,2026-10-01T21:44:32.914858,PY-FLOW-02,IT-F02-04,3,0,3,71.2,0,1.0
syn_fast_01,P-FAST,25,2026-10-01T21:45:41.851902,PY-FLOW-02,IT-F02-01,2,0,1,34.1,0,1.0
syn_fast_01,P-FAST,26,2026-10-01T21:46:57.532723,PY-FLOW-03,IT-F03-01,2,0,1,34.6,0,1.0
syn_fast_01,P-FAST,27,2026-10-01T21:48:17.888913,PY-FLOW-03,IT-F03-02,2,1,1,32.4,0,1.0
syn_fast_01,P-FAST,28,2026-10-01T21:49:17.944915,PY-FLOW-03,IT-F03-03,3,1,1,41.0,0,1.0
syn_fast_01,P-FAST,29,2026-10-01T21:50:19.324885,PY-FLOW-03,IT-F03-04,3,1,1,33.1,0,1.0
syn_fast_01,P-FAST,30,2026-10-01T23:48:12.422158,PY-FLOW-03,IT-F03-01,2,1,2,43.7,1,1.0
syn_fast_01,P-FAST,31,2026-10-01T23:48:59.669349,PY-FLOW-03,IT-F03-02,2,1,1,26.3,0,1.0
syn_fast_01,P-FAST,32,2026-10-01T23:50:14.742698,PY-FLOW-03,IT-F03-03,3,1,1,35.8,0,1.0
syn_fast_02,P-FAST,1,2026-10-01T19:40:51.238265,PY-BASICS-01,IT-B01-01,1,0,1,44.0,0,1.0
syn_fast_02,P-FAST,2,2026-10-01T19:42:12.445179,PY-BASICS-01,IT-B01-02,1,1,1,25.1,0,1.0
syn_fast_02,P-FAST,3,2026-10-01T19:43:30.216447,PY-BASICS-01,IT-B01-03,1,0,1,25.4,0,1.0
syn_fast_02,P-FAST,4,2026-10-01T19:44:26.180101,PY-BASICS-01,IT-B01-04,2,1,1,29.4,0,1.0
syn_fast_02,P-FAST,5,2026-10-01T19:45:35.391143,PY-BASICS-01,IT-B01-01,1,0,1,17.1,0,1.0
syn_fast_02,P-FAST,6,2026-10-01T19:46:59.674295,PY-BASICS-02,IT-B02-01,1,1,1,47.6,0,0.3995
syn_fast_02,P-FAST,7,2026-10-01T19:48:27.366277,PY-BASICS-02,IT-B02-02,2,1,1,36.4,0,0.3995
syn_fast_02,P-FAST,8,2026-10-01T19:49:42.761448,PY-BASICS-02,IT-B02-03,2,1,1,26.8,0,0.3995
syn_fast_02,P-FAST,9,2026-10-01T19:50:56.203634,PY-BASICS-02,IT-B02-04,3,1,1,43.2,0,0.3995
syn_fast_02,P-FAST,10,2026-10-01T23:46:10.625907,PY-BASICS-02,IT-B02-01,1,1,2,28.2,0,0.3995
syn_fast_02,P-FAST,11,2026-10-01T23:47:04.159973,PY-BASICS-03,IT-B03-01,1,0,1,32.2,0,0.3995
syn_fast_02,P-FAST,12,2026-10-01T23:48:33.352482,PY-BASICS-03,IT-B03-02,2,0,1,30.7,0,0.3995
syn_fast_02,P-FAST,13,2026-10-01T23:49:59.758809,PY-BASICS-03,IT-B03-03,2,0,1,32.7,0,0.3995
syn_fast_02,P-FAST,14,2026-10-01T23:51:19.248561,PY-BASICS-03,IT-B03-04,3,1,1,31.9,0,0.3995
syn_fast_02,P-FAST,15,2026-10-01T23:52:40.345962,PY-BASICS-03,IT-B03-01,1,1,1,22.0,0,0.3995
syn_fast_02,P-FAST,16,2026-10-01T23:54:13.573101,PY-FLOW-01,IT-F01-01,2,1,1,34.7,0,0.431
syn_fast_02,P-FAST,17,2026-10-01T23:55:32.879545,PY-FLOW-01,IT-F01-02,2,0,1,28.1,0,0.431
syn_fast_02,P-FAST,18,2026-10-01T23:56:31.839422,PY-FLOW-01,IT-F01-03,2,1,1,27.5,0,0.431
syn_fast_02,P-FAST,19,2026-10-01T23:58:08.020111,PY-FLOW-01,IT-F01-04,3,0,1,45.6,0,0.431
syn_fast_02,P-FAST,20,2026-10-02T02:49:29.197224,PY-FLOW-01,IT-F01-01,2,1,1,36.4,0,0.431
syn_fast_02,P-FAST,21,2026-10-02T02:51:26.562595,PY-FLOW-02,IT-F02-01,2,0,3,81.9,0,0.6005
syn_fast_02,P-FAST,22,2026-10-02T02:52:52.639872,PY-FLOW-02,IT-F02-02,3,1,1,40.8,0,0.6005
syn_fast_02,P-FAST,23,2026-10-02T02:54:45.195208,PY-FLOW-02,IT-F02-03,3,0,2,67.3,0,0.6005
syn_fast_02,P-FAST,24,2026-10-02T02:56:10.600412,PY-FLOW-02,IT-F02-04,3,1,1,44.1,0,0.6005
syn_fast_02,P-FAST,25,2026-10-02T02:57:24.009191,PY-FLOW-02,IT-F02-01,2,1,1,21.4,0,0.6005
syn_fast_02,P-FAST,26,2026-10-02T02:59:15.322326,PY-FLOW-03,IT-F03-01,2,1,2,54.0,0,0.6005
syn_fast_02,P-FAST,27,2026-10-02T03:00:10.897901,PY-FLOW-03,IT-F03-02,2,1,1,35.7,0,0.6005
syn_fast_02,P-FAST,28,2026-10-02T03:01:31.519887,PY-FLOW-03,IT-F03-03,3,1,2,55.1,0,0.6005
syn_fast_02,P-FAST,29,2026-10-02T03:02:21.145996,PY-FLOW-03,IT-F03-04,3,1,1,33.5,0,0.6005
syn_fast_02,P-FAST,30,2026-10-02T05:57:59.403004,PY-FLOW-03,IT-F03-01,2,0,1,30.8,0,0.6005
syn_fast_02,P-FAST,31,2026-10-02T05:59:31.389520,PY-FLOW-03,IT-F03-02,2,1,1,35.8,0,0.6005
syn_fast_02,P-FAST,32,2026-10-02T06:00:33.451044,PY-FLOW-03,IT-F03-03,3,0,1,37.1,0,0.6005
syn_fast_02,P-FAST,33,2026-10-02T06:01:49.995811,PY-FLOW-03,IT-F03-04,3,1,2,58.7,0,0.6005
syn_fast_02,P-FAST,34,2026-10-02T06:03:21.269302,PY-FLOW-03,IT-F03-01,2,0,2,39.2,0,0.6005
syn_fast_02,P-FAST,35,2026-10-02T06:04:45.891746,PY-FLOW-03,IT-F03-02,2,1,1,28.7,0,0.6005
syn_fast_02,P-FAST,36,2026-10-02T06:05:46.590304,PY-FLOW-03,IT-F03-03,3,1,1,32.1,0,0.6005
syn_fast_02,P-FAST,37,2026-10-02T06:06:47.363618,PY-FLOW-03,IT-F03-04,3,1,1,27.4,0,0.6005
syn_fast_02,P-FAST,38,2026-10-02T06:07:33.453584,PY-FLOW-03,IT-F03-01,2,1,1,24.8,0,0.6005
syn_fast_02,P-FAST,39,2026-10-02T06:09:20.335353,PY-FLOW-03,IT-F03-02,2,0,2,49.3,0,0.6005
syn_fast_03,P-FAST,1,2026-10-01T11:40:20.418152,PY-BASICS-01,IT-B01-01,1,1,1,34.7,1,1.0
syn_fast_03,P-FAST,2,2026-10-01T11:41:01.391792,PY-BASICS-01,IT-B01-02,1,1,1,21.6,0,1.0
syn_fast_03,P-FAST,3,2026-10-01T11:42:20.318461,PY-BASICS-01,IT-B01-03,1,1,1,24.0,0,1.0
syn_fast_03,P-FAST,4,2026-10-01T11:43:14.923343,PY-BASICS-01,IT-B01-04,2,1,1,33.5,0,1.0
syn_fast_03,P-FAST,5,2026-10-01T11:44:09.737312,PY-BASICS-01,IT-B01-01,1,1,1,19.4,0,1.0
syn_fast_03,P-FAST,6,2026-10-01T11:45:30.009192,PY-BASICS-02,IT-B02-01,1,1,1,35.1,0,1.0
syn_fast_03,P-FAST,7,2026-10-01T11:46:50.450497,PY-BASICS-02,IT-B02-02,2,1,1,32.0,0,1.0
syn_fast_03,P-FAST,8,2026-10-01T11:48:17.719331,PY-BASICS-02,IT-B02-03,2,1,1,29.7,0,1.0
syn_fast_03,P-FAST,9,2026-10-01T11:50:00.480035,PY-BASICS-02,IT-B02-04,3,0,3,68.9,1,1.0
syn_fast_03,P-FAST,10,2026-10-01T13:44:29.388263,PY-BASICS-02,IT-B02-01,1,1,2,29.8,0,1.0
syn_fast_03,P-FAST,11,2026-10-01T13:45:33.958067,PY-BASICS-03,IT-B03-01,1,1,1,30.9,0,1.0
syn_fast_03,P-FAST,12,2026-10-01T13:46:23.214041,PY-BASICS-03,IT-B03-02,2,1,1,29.8,0,1.0
syn_fast_03,P-FAST,13,2026-10-01T13:47:24.834658,PY-BASICS-03,IT-B03-03,2,1,1,24.6,0,1.0
syn_fast_03,P-FAST,14,2026-10-01T13:48:36.899873,PY-BASICS-03,IT-B03-04,3,0,1,38.7,0,1.0
syn_fast_03,P-FAST,15,2026-10-01T13:49:59.918342,PY-BASICS-03,IT-B03-01,1,1,1,25.2,0,1.0
syn_fast_03,P-FAST,16,2026-10-01T13:50:51.890575,PY-FLOW-01,IT-F01-01,2,1,1,35.5,0,0.79
syn_fast_03,P-FAST,17,2026-10-01T13:51:57.864423,PY-FLOW-01,IT-F01-02,2,1,1,34.3,0,0.79
syn_fast_03,P-FAST,18,2026-10-01T13:53:29.416662,PY-FLOW-01,IT-F01-03,2,1,3,56.6,0,0.79
syn_fast_03,P-FAST,19,2026-10-01T13:55:08.691645,PY-FLOW-01,IT-F01-04,3,1,2,41.5,0,0.79
syn_fast_03,P-FAST,20,2026-10-01T15:41:24.678525,PY-FLOW-01,IT-F01-01,2,0,1,28.3,0,0.79
syn_fast_03,P-FAST,21,2026-10-01T15:43:10.834137,PY-FLOW-02,IT-F02-01,2,1,2,60.3,0,0.779
syn_fast_03,P-FAST,22,2026-10-01T15:44:25.935101,PY-FLOW-02,IT-F02-02,3,0,1,35.6,1,0.779
syn_fast_03,P-FAST,23,2026-10-01T15:46:09.438015,PY-FLOW-02,IT-F02-03,3,0,2,44.5,0,0.779
syn_fast_03,P-FAST,24,2026-10-01T15:47:11.878338,PY-FLOW-02,IT-F02-04,3,0,1,31.3,0,0.779
syn_fast_03,P-FAST,25,2026-10-01T15:48:13.494622,PY-FLOW-02,IT-F02-01,2,1,1,28.7,0,0.779
syn_fast_03,P-FAST,26,2026-10-01T15:49:44.936007,PY-FLOW-03,IT-F03-01,2,0,3,67.9,0,0.779
syn_fast_03,P-FAST,27,2026-10-01T15:50:40.133194,PY-FLOW-03,IT-F03-02,2,1,1,34.7,0,0.779
syn_fast_03,P-FAST,28,2026-10-01T15:52:16.494687,PY-FLOW-03,IT-F03-03,3,1,1,43.2,0,0.779
syn_fast_03,P-FAST,29,2026-10-01T15:53:44.956969,PY-FLOW-03,IT-F03-04,3,1,1,53.0,0,0.779
syn_fast_03,P-FAST,30,2026-10-01T19:01:28.221767,PY-FLOW-03,IT-F03-01,2,1,3,43.1,0,0.779
syn_fast_03,P-FAST,31,2026-10-01T19:02:36.793335,PY-FLOW-03,IT-F03-02,2,1,1,26.7,0,0.779
syn_fast_03,P-FAST,32,2026-10-01T19:03:35.454420,PY-FLOW-03,IT-F03-03,3,1,1,42.7,0,0.779
syn_fast_03,P-FAST,33,2026-10-01T19:04:57.460177,PY-FLOW-03,IT-F03-04,3,1,1,31.6,0,0.779
syn_fast_03,P-FAST,34,2026-10-01T19:05:58.120777,PY-FLOW-03,IT-F03-01,2,1,1,34.7,0,0.779
syn_fast_03,P-FAST,35,2026-10-01T19:07:05.387352,PY-FLOW-03,IT-F03-02,2,0,2,46.6,0,0.779
syn_fast_04,P-FAST,1,2026-10-01T14:47:21.756016,PY-BASICS-01,IT-B01-01,1,1,1,33.9,0,1.0
syn_fast_04,P-FAST,2,2026-10-01T14:48:35.388098,PY-BASICS-01,IT-B01-02,1,1,1,24.2,0,1.0
syn_fast_04,P-FAST,3,2026-10-01T14:49:21.710180,PY-BASICS-01,IT-B01-03,1,1,1,22.0,0,1.0
syn_fast_04,P-FAST,4,2026-10-01T14:50:14.727991,PY-BASICS-01,IT-B01-04,2,1,1,28.3,0,1.0
syn_fast_04,P-FAST,5,2026-10-01T14:51:27.964285,PY-BASICS-01,IT-B01-01,1,1,1,19.1,1,1.0
syn_fast_04,P-FAST,6,2026-10-01T14:52:28.449465,PY-BASICS-02,IT-B02-01,1,1,1,30.7,0,1.0
syn_fast_04,P-FAST,7,2026-10-01T14:53:20.189403,PY-BASICS-02,IT-B02-02,2,1,1,30.1,0,1.0
syn_fast_04,P-FAST,8,2026-10-01T14:54:49.813300,PY-BASICS-02,IT-B02-03,2,0,2,34.1,0,1.0
syn_fast_04,P-FAST,9,2026-10-01T14:56:16.840900,PY-BASICS-02,IT-B02-04,3,1,3,71.9,0,1.0
syn_fast_04,P-FAST,10,2026-10-01T16:49:12.860999,PY-BASICS-02,IT-B02-01,1,1,1,20.2,0,1.0
syn_fast_04,P-FAST,11,2026-10-01T16:50:06.210645,PY-BASICS-03,IT-B03-01,1,0,1,32.5,0,1.0
syn_fast_04,P-FAST,12,2026-10-01T16:51:06.490084,PY-BASICS-03,IT-B03-02,2,1,1,34.0,0,1.0
syn_fast_04,P-FAST,13,2026-10-01T16:51:59.642454,PY-BASICS-03,IT-B03-03,2,1,1,30.3,0,1.0
syn_fast_04,P-FAST,14,2026-10-01T16:54:00.890048,PY-BASICS-03,IT-B03-04,3,1,2,76.5,0,1.0
syn_fast_04,P-FAST,15,2026-10-01T16:54:45.250155,PY-BASICS-03,IT-B03-01,1,1,2,28.2,0,1.0
syn_fast_04,P-FAST,16,2026-10-01T16:55:42.218870,PY-FLOW-01,IT-F01-01,2,1,1,41.3,0,0.82
syn_fast_04,P-FAST,17,2026-10-01T16:57:18.768180,PY-FLOW-01,IT-F01-02,2,1,1,46.0,0,0.82
syn_fast_04,P-FAST,18,2026-10-01T16:58:17.975102,PY-FLOW-01,IT-F01-03,2,1,1,33.5,0,0.82
syn_fast_04,P-FAST,19,2026-10-01T16:59:30.844818,PY-FLOW-01,IT-F01-04,3,1,1,43.3,0,0.82
syn_fast_04,P-FAST,20,2026-10-01T18:38:16.377058,PY-FLOW-01,IT-F01-01,2,1,1,31.1,0,0.82
syn_fast_04,P-FAST,21,2026-10-01T18:39:38.254371,PY-FLOW-02,IT-F02-01,2,1,1,33.5,0,1.0
syn_fast_04,P-FAST,22,2026-10-01T18:40:53.628220,PY-FLOW-02,IT-F02-02,3,1,1,36.7,0,1.0
syn_fast_04,P-FAST,23,2026-10-01T18:42:19.683157,PY-FLOW-02,IT-F02-03,3,0,1,37.5,0,1.0
syn_fast_04,P-FAST,24,2026-10-01T18:43:39.814225,PY-FLOW-02,IT-F02-04,3,0,1,43.7,0,1.0
syn_fast_04,P-FAST,25,2026-10-01T18:45:02.024992,PY-FLOW-02,IT-F02-01,2,0,2,32.2,0,1.0
syn_fast_04,P-FAST,26,2026-10-01T18:46:16.920700,PY-FLOW-03,IT-F03-01,2,0,1,36.8,0,1.0
syn_fast_04,P-FAST,27,2026-10-01T18:47:06.328130,PY-FLOW-03,IT-F03-02,2,0,1,29.5,0,1.0
syn_fast_04,P-FAST,28,2026-10-01T18:48:31.900871,PY-FLOW-03,IT-F03-03,3,1,2,47.9,0,1.0
syn_fast_04,P-FAST,29,2026-10-01T18:50:31.944575,PY-FLOW-03,IT-F03-04,3,1,2,62.5,0,1.0
syn_fast_04,P-FAST,30,2026-10-01T22:18:53.238966,PY-FLOW-03,IT-F03-01,2,1,1,35.3,0,1.0
syn_fast_04,P-FAST,31,2026-10-01T22:20:14.753107,PY-FLOW-03,IT-F03-02,2,1,1,27.5,0,1.0
syn_fast_05,P-FAST,1,2026-10-01T14:16:42.704389,PY-BASICS-01,IT-B01-01,1,0,2,40.4,0,1.0
syn_fast_05,P-FAST,2,2026-10-01T14:18:00.485567,PY-BASICS-01,IT-B01-02,1,1,1,19.4,0,1.0
syn_fast_05,P-FAST,3,2026-10-01T14:18:42.422710,PY-BASICS-01,IT-B01-03,1,1,1,24.2,0,1.0
syn_fast_05,P-FAST,4,2026-10-01T14:19:55.176896,PY-BASICS-01,IT-B01-04,2,1,1,36.2,0,1.0
syn_fast_05,P-FAST,5,2026-10-01T14:20:50.849672,PY-BASICS-01,IT-B01-01,1,1,1,22.6,0,1.0
syn_fast_05,P-FAST,6,2026-10-01T14:22:08.524059,PY-BASICS-02,IT-B02-01,1,1,1,31.8,0,0.82
syn_fast_05,P-FAST,7,2026-10-01T14:23:11.686157,PY-BASICS-02,IT-B02-02,2,1,1,26.1,0,0.82
syn_fast_05,P-FAST,8,2026-10-01T14:24:45.322694,PY-BASICS-02,IT-B02-03,2,1,1,37.7,0,0.82
syn_fast_05,P-FAST,9,2026-10-01T14:25:55.529776,PY-BASICS-02,IT-B02-04,3,1,2,51.9,0,0.82
syn_fast_05,P-FAST,10,2026-10-01T17:28:02.342160,PY-BASICS-02,IT-B02-01,1,1,2,33.5,0,0.82
syn_fast_05,P-FAST,11,2026-10-01T17:29:04.497860,PY-BASICS-03,IT-B03-01,1,1,2,44.2,0,0.82
syn_fast_05,P-FAST,12,2026-10-01T17:29:55.473580,PY-BASICS-03,IT-B03-02,2,1,1,23.6,0,0.82
syn_fast_05,P-FAST,13,2026-10-01T17:31:06.462033,PY-BASICS-03,IT-B03-03,2,1,1,27.5,0,0.82
syn_fast_05,P-FAST,14,2026-10-01T17:32:26.238073,PY-BASICS-03,IT-B03-04,3,1,1,40.1,0,0.82
syn_fast_05,P-FAST,15,2026-10-01T17:33:18.871418,PY-BASICS-03,IT-B03-01,1,1,1,23.0,0,0.82
syn_fast_05,P-FAST,16,2026-10-01T17:34:55.629667,PY-FLOW-01,IT-F01-01,2,1,1,37.0,0,1.0
syn_fast_05,P-FAST,17,2026-10-01T17:36:22.704725,PY-FLOW-01,IT-F01-02,2,1,2,48.2,0,1.0
syn_fast_05,P-FAST,18,2026-10-01T17:37:38.921919,PY-FLOW-01,IT-F01-03,2,1,1,40.8,0,1.0
syn_fast_05,P-FAST,19,2026-10-01T17:39:00.766125,PY-FLOW-01,IT-F01-04,3,0,1,39.6,0,1.0
syn_fast_05,P-FAST,20,2026-10-01T20:55:08.743923,PY-FLOW-01,IT-F01-01,2,1,1,32.5,0,1.0
syn_fast_05,P-FAST,21,2026-10-01T20:56:31.719596,PY-FLOW-02,IT-F02-01,2,0,1,29.6,0,0.79
syn_fast_05,P-FAST,22,2026-10-01T20:57:58.310846,PY-FLOW-02,IT-F02-02,3,0,1,42.3,0,0.79
syn_fast_05,P-FAST,23,2026-10-01T20:59:32.814169,PY-FLOW-02,IT-F02-03,3,0,1,44.9,0,0.79
syn_fast_05,P-FAST,24,2026-10-01T21:00:55.551965,PY-FLOW-02,IT-F02-04,3,1,1,35.3,0,0.79
syn_fast_05,P-FAST,25,2026-10-01T21:01:42.628003,PY-FLOW-02,IT-F02-01,2,0,1,22.4,0,0.79
syn_fast_05,P-FAST,26,2026-10-01T21:03:03.347974,PY-FLOW-03,IT-F03-01,2,0,1,45.4,0,0.79
syn_fast_05,P-FAST,27,2026-10-01T21:03:54.230185,PY-FLOW-03,IT-F03-02,2,0,1,25.6,0,0.79
syn_fast_05,P-FAST,28,2026-10-01T21:05:07.782108,PY-FLOW-03,IT-F03-03,3,1,1,43.3,0,0.79
syn_fast_05,P-FAST,29,2026-10-01T21:06:16.589559,PY-FLOW-03,IT-F03-04,3,0,1,33.4,0,0.79
syn_fast_05,P-FAST,30,2026-10-01T22:51:34.981646,PY-FLOW-03,IT-F03-01,2,1,1,28.9,0,0.79
syn_fast_05,P-FAST,31,2026-10-01T22:52:45.686026,PY-FLOW-03,IT-F03-02,2,0,1,36.5,0,0.79
syn_fast_05,P-FAST,32,2026-10-01T22:54:26.415880,PY-FLOW-03,IT-F03-03,3,1,2,55.8,0,0.79
syn_fast_05,P-FAST,33,2026-10-01T22:56:00.059426,PY-FLOW-03,IT-F03-04,3,1,3,61.8,0,0.79
syn_fast_05,P-FAST,34,2026-10-01T22:57:06.428178,PY-FLOW-03,IT-F03-01,2,1,3,44.5,0,0.79
syn_fast_05,P-FAST,35,2026-10-01T22:58:29.762505,PY-FLOW-03,IT-F03-02,2,1,1,26.8,0,0.79
syn_fast_05,P-FAST,36,2026-10-01T22:59:21.083504,PY-FLOW-03,IT-F03-03,3,1,1,33.3,1,0.79
syn_fast_05,P-FAST,37,2026-10-01T23:00:48.213239,PY-FLOW-03,IT-F03-04,3,1,1,34.7,0,0.79
syn_fast_05,P-FAST,38,2026-10-01T23:01:35.608594,PY-FLOW-03,IT-F03-01,2,0,1,28.2,0,0.79
syn_fast_06,P-FAST,1,2026-10-01T09:10:58.329307,PY-BASICS-01,IT-B01-01,1,0,2,38.5,0,1.0
syn_fast_06,P-FAST,2,2026-10-01T09:12:08.258925,PY-BASICS-01,IT-B01-02,1,1,1,18.4,0,1.0
syn_fast_06,P-FAST,3,2026-10-01T09:13:12.395608,PY-BASICS-01,IT-B01-03,1,1,1,24.1,0,1.0
syn_fast_06,P-FAST,4,2026-10-01T09:14:18.986537,PY-BASICS-01,IT-B01-04,2,1,2,25.2,0,1.0
syn_fast_06,P-FAST,5,2026-10-01T09:15:37.957926,PY-BASICS-01,IT-B01-01,1,1,2,38.7,0,1.0
syn_fast_06,P-FAST,6,2026-10-01T09:16:38.691995,PY-BASICS-02,IT-B02-01,1,1,1,30.9,0,0.82
syn_fast_06,P-FAST,7,2026-10-01T09:17:38.492403,PY-BASICS-02,IT-B02-02,2,1,2,39.3,0,0.82
syn_fast_06,P-FAST,8,2026-10-01T09:18:37.804317,PY-BASICS-02,IT-B02-03,2,1,1,28.4,0,0.82
syn_fast_06,P-FAST,9,2026-10-01T09:20:03.944640,PY-BASICS-02,IT-B02-04,3,1,1,41.2,0,0.82
syn_fast_06,P-FAST,10,2026-10-01T13:01:30.336771,PY-BASICS-02,IT-B02-01,1,1,1,24.8,0,0.82
syn_fast_06,P-FAST,11,2026-10-01T13:02:47.284502,PY-BASICS-03,IT-B03-01,1,1,1,29.5,0,0.82
syn_fast_06,P-FAST,12,2026-10-01T13:04:39.462440,PY-BASICS-03,IT-B03-02,2,1,2,53.6,0,0.82
syn_fast_06,P-FAST,13,2026-10-01T13:05:53.280894,PY-BASICS-03,IT-B03-03,2,1,1,31.8,0,0.82
syn_fast_06,P-FAST,14,2026-10-01T13:07:01.604972,PY-BASICS-03,IT-B03-04,3,1,1,37.5,0,0.82
syn_fast_06,P-FAST,15,2026-10-01T13:08:07.011305,PY-BASICS-03,IT-B03-01,1,1,1,24.4,0,0.82
syn_fast_06,P-FAST,16,2026-10-01T13:09:24.384551,PY-FLOW-01,IT-F01-01,2,1,2,52.8,0,1.0
syn_fast_06,P-FAST,17,2026-10-01T13:10:34.237685,PY-FLOW-01,IT-F01-02,2,1,1,25.3,0,1.0
syn_fast_06,P-FAST,18,2026-10-01T13:11:30.728704,PY-FLOW-01,IT-F01-03,2,0,1,31.4,0,1.0
syn_fast_06,P-FAST,19,2026-10-01T13:12:42.198531,PY-FLOW-01,IT-F01-04,3,1,2,51.6,0,1.0
syn_fast_06,P-FAST,20,2026-10-01T15:39:07.689791,PY-FLOW-01,IT-F01-01,2,1,1,24.4,0,1.0
syn_fast_06,P-FAST,21,2026-10-01T15:41:16.507044,PY-FLOW-02,IT-F02-01,2,0,3,79.5,0,0.8005
syn_fast_06,P-FAST,22,2026-10-01T15:42:40.941544,PY-FLOW-02,IT-F02-02,3,0,2,43.6,0,0.8005
syn_fast_06,P-FAST,23,2026-10-01T15:44:44.366506,PY-FLOW-02,IT-F02-03,3,0,3,72.1,0,0.8005
syn_fast_06,P-FAST,24,2026-10-01T15:46:10.498488,PY-FLOW-02,IT-F02-04,3,1,1,33.1,0,0.8005
syn_fast_06,P-FAST,25,2026-10-01T15:47:39.953085,PY-FLOW-02,IT-F02-01,2,0,1,30.6,0,0.8005
syn_fast_06,P-FAST,26,2026-10-01T15:49:08.082294,PY-FLOW-03,IT-F03-01,2,0,1,36.3,0,0.8005
syn_fast_06,P-FAST,27,2026-10-01T15:50:24.593092,PY-FLOW-03,IT-F03-02,2,1,1,33.9,0,0.8005
syn_fast_06,P-FAST,28,2026-10-01T15:51:41.814554,PY-FLOW-03,IT-F03-03,3,1,1,33.3,0,0.8005
syn_fast_06,P-FAST,29,2026-10-01T15:52:30.295976,PY-FLOW-03,IT-F03-04,3,0,1,32.3,0,0.8005
syn_fast_06,P-FAST,30,2026-10-01T19:28:32.951879,PY-FLOW-03,IT-F03-01,2,1,2,40.7,0,0.8005
syn_fast_06,P-FAST,31,2026-10-01T19:29:23.887027,PY-FLOW-03,IT-F03-02,2,1,1,23.9,0,0.8005
syn_fast_06,P-FAST,32,2026-10-01T19:30:22.105750,PY-FLOW-03,IT-F03-03,3,1,1,35.1,0,0.8005
syn_fast_06,P-FAST,33,2026-10-01T19:31:48.527195,PY-FLOW-03,IT-F03-04,3,1,1,39.8,0,0.8005
syn_fast_06,P-FAST,34,2026-10-01T19:33:17.231506,PY-FLOW-03,IT-F03-01,2,1,3,59.8,0,0.8005
syn_fast_07,P-FAST,1,2026-10-01T12:05:22.999934,PY-BASICS-01,IT-B01-01,1,1,1,27.3,0,1.0
syn_fast_07,P-FAST,2,2026-10-01T12:06:40.243756,PY-BASICS-01,IT-B01-02,1,1,1,23.1,0,1.0
syn_fast_07,P-FAST,3,2026-10-01T12:07:38.528205,PY-BASICS-01,IT-B01-03,1,1,1,17.8,0,1.0
syn_fast_07,P-FAST,4,2026-10-01T12:08:38.563500,PY-BASICS-01,IT-B01-04,2,1,1,27.0,0,1.0
syn_fast_07,P-FAST,5,2026-10-01T12:09:30.647859,PY-BASICS-01,IT-B01-01,1,1,2,30.7,0,1.0
syn_fast_07,P-FAST,6,2026-10-01T12:10:36.440600,PY-BASICS-02,IT-B02-01,1,1,1,22.3,0,1.0
syn_fast_07,P-FAST,7,2026-10-01T12:11:35.920169,PY-BASICS-02,IT-B02-02,2,0,2,43.1,0,1.0
syn_fast_07,P-FAST,8,2026-10-01T12:12:56.095198,PY-BASICS-02,IT-B02-03,2,1,1,31.6,1,1.0
syn_fast_07,P-FAST,9,2026-10-01T12:13:56.576178,PY-BASICS-02,IT-B02-04,3,1,1,35.8,2,1.0
syn_fast_07,P-FAST,10,2026-10-01T14:36:04.832476,PY-BASICS-02,IT-B02-01,1,1,1,26.3,2,1.0
syn_fast_07,P-FAST,11,2026-10-01T14:37:11.484865,PY-BASICS-03,IT-B03-01,1,1,1,35.0,0,1.0
syn_fast_07,P-FAST,12,2026-10-01T14:38:35.656684,PY-BASICS-03,IT-B03-02,2,1,1,36.7,0,1.0
syn_fast_07,P-FAST,13,2026-10-01T14:39:50.414287,PY-BASICS-03,IT-B03-03,2,1,1,24.8,0,1.0
syn_fast_07,P-FAST,14,2026-10-01T14:41:18.355997,PY-BASICS-03,IT-B03-04,3,1,1,47.4,0,1.0
syn_fast_07,P-FAST,15,2026-10-01T14:41:57.879064,PY-BASICS-03,IT-B03-01,1,1,1,20.7,0,1.0
syn_fast_07,P-FAST,16,2026-10-01T14:43:11.646461,PY-FLOW-01,IT-F01-01,2,1,2,56.4,0,1.0
syn_fast_07,P-FAST,17,2026-10-01T14:44:04.729906,PY-FLOW-01,IT-F01-02,2,1,1,31.0,0,1.0
syn_fast_07,P-FAST,18,2026-10-01T14:45:25.932624,PY-FLOW-01,IT-F01-03,2,1,2,38.4,0,1.0
syn_fast_07,P-FAST,19,2026-10-01T14:46:44.461216,PY-FLOW-01,IT-F01-04,3,0,1,33.2,0,1.0
syn_fast_07,P-FAST,20,2026-10-01T17:56:57.054079,PY-FLOW-01,IT-F01-01,2,0,1,27.9,0,1.0
syn_fast_07,P-FAST,21,2026-10-01T17:58:28.808856,PY-FLOW-02,IT-F02-01,2,0,2,54.9,0,0.569
syn_fast_07,P-FAST,22,2026-10-01T17:59:37.500844,PY-FLOW-02,IT-F02-02,3,1,1,33.8,0,0.569
syn_fast_07,P-FAST,23,2026-10-01T18:00:38.093352,PY-FLOW-02,IT-F02-03,3,1,1,33.3,0,0.569
syn_fast_07,P-FAST,24,2026-10-01T18:02:03.265793,PY-FLOW-02,IT-F02-04,3,0,1,36.2,0,0.569
syn_fast_07,P-FAST,25,2026-10-01T18:02:50.387581,PY-FLOW-02,IT-F02-01,2,1,1,27.0,0,0.569
syn_fast_07,P-FAST,26,2026-10-01T18:04:14.233695,PY-FLOW-03,IT-F03-01,2,0,2,49.5,0,0.569
syn_fast_07,P-FAST,27,2026-10-01T18:05:11.679786,PY-FLOW-03,IT-F03-02,2,1,1,29.7,0,0.569
syn_fast_07,P-FAST,28,2026-10-01T18:06:27.811667,PY-FLOW-03,IT-F03-03,3,1,1,30.6,0,0.569
syn_fast_07,P-FAST,29,2026-10-01T18:07:56.210141,PY-FLOW-03,IT-F03-04,3,1,1,51.5,0,0.569
syn_fast_07,P-FAST,30,2026-10-01T19:46:07.987369,PY-FLOW-03,IT-F03-01,2,1,1,38.0,0,0.569
syn_fast_08,P-FAST,1,2026-10-01T12:45:47.048334,PY-BASICS-01,IT-B01-01,1,0,1,29.7,0,1.0
syn_fast_08,P-FAST,2,2026-10-01T12:46:28.094253,PY-BASICS-01,IT-B01-02,1,1,2,25.7,0,1.0
syn_fast_08,P-FAST,3,2026-10-01T12:47:16.658124,PY-BASICS-01,IT-B01-03,1,1,1,20.0,0,1.0
syn_fast_08,P-FAST,4,2026-10-01T12:48:44.563653,PY-BASICS-01,IT-B01-04,2,0,3,63.4,0,1.0
syn_fast_08,P-FAST,5,2026-10-01T12:49:28.639219,PY-BASICS-01,IT-B01-01,1,1,1,22.9,0,1.0
syn_fast_08,P-FAST,6,2026-10-01T12:50:20.937597,PY-BASICS-02,IT-B02-01,1,1,1,25.8,1,0.61
syn_fast_08,P-FAST,7,2026-10-01T12:51:20.403103,PY-BASICS-02,IT-B02-02,2,1,1,29.7,0,0.61
syn_fast_08,P-FAST,8,2026-10-01T12:52:02.050949,PY-BASICS-02,IT-B02-03,2,1,1,26.3,0,0.61
syn_fast_08,P-FAST,9,2026-10-01T12:53:25.966585,PY-BASICS-02,IT-B02-04,3,1,1,35.3,0,0.61
syn_fast_08,P-FAST,10,2026-10-01T15:21:18.339862,PY-BASICS-02,IT-B02-01,1,1,1,27.6,0,0.61
syn_fast_08,P-FAST,11,2026-10-01T15:22:36.005069,PY-BASICS-03,IT-B03-01,1,1,1,31.0,0,0.61
syn_fast_08,P-FAST,12,2026-10-01T15:23:45.516875,PY-BASICS-03,IT-B03-02,2,1,1,32.0,0,0.61
syn_fast_08,P-FAST,13,2026-10-01T15:25:01.917814,PY-BASICS-03,IT-B03-03,2,1,1,23.9,0,0.61
syn_fast_08,P-FAST,14,2026-10-01T15:26:34.696822,PY-BASICS-03,IT-B03-04,3,1,1,41.5,0,0.61
syn_fast_08,P-FAST,15,2026-10-01T15:27:14.340219,PY-BASICS-03,IT-B03-01,1,1,1,21.4,0,0.61
syn_fast_08,P-FAST,16,2026-10-01T15:29:08.719615,PY-FLOW-01,IT-F01-01,2,1,2,60.6,0,1.0
syn_fast_08,P-FAST,17,2026-10-01T15:29:59.423217,PY-FLOW-01,IT-F01-02,2,1,1,33.8,0,1.0
syn_fast_08,P-FAST,18,2026-10-01T15:30:59.466586,PY-FLOW-01,IT-F01-03,2,1,2,44.2,0,1.0
syn_fast_08,P-FAST,19,2026-10-01T15:32:28.418896,PY-FLOW-01,IT-F01-04,3,1,1,32.5,0,1.0
syn_fast_08,P-FAST,20,2026-10-01T18:30:08.946294,PY-FLOW-01,IT-F01-01,2,1,1,24.9,0,1.0
syn_fast_08,P-FAST,21,2026-10-01T18:31:34.149280,PY-FLOW-02,IT-F02-01,2,1,1,44.4,0,1.0
syn_fast_08,P-FAST,22,2026-10-01T18:33:00.776733,PY-FLOW-02,IT-F02-02,3,1,1,39.7,0,1.0
syn_fast_08,P-FAST,23,2026-10-01T18:34:13.172961,PY-FLOW-02,IT-F02-03,3,1,1,38.6,0,1.0
syn_fast_08,P-FAST,24,2026-10-01T18:35:10.155763,PY-FLOW-02,IT-F02-04,3,1,1,36.8,0,1.0
syn_fast_08,P-FAST,25,2026-10-01T18:35:54.394308,PY-FLOW-02,IT-F02-01,2,1,1,28.3,0,1.0
syn_fast_08,P-FAST,26,2026-10-01T18:37:07.908876,PY-FLOW-03,IT-F03-01,2,1,1,43.9,0,1.0
syn_fast_08,P-FAST,27,2026-10-01T18:38:37.668373,PY-FLOW-03,IT-F03-02,2,1,1,38.7,0,1.0
syn_fast_08,P-FAST,28,2026-10-01T18:39:51.584010,PY-FLOW-03,IT-F03-03,3,1,1,31.1,0,1.0
syn_fast_08,P-FAST,29,2026-10-01T18:41:20.825176,PY-FLOW-03,IT-F03-04,3,1,1,36.8,0,1.0
syn_fast_08,P-FAST,30,2026-10-01T20:25:53.683747,PY-FLOW-03,IT-F03-01,2,1,1,23.3,0,1.0
syn_fast_08,P-FAST,31,2026-10-01T20:27:37.685543,PY-FLOW-03,IT-F03-02,2,1,3,51.0,0,1.0
syn_fast_08,P-FAST,32,2026-10-01T20:28:44.934784,PY-FLOW-03,IT-F03-03,3,1,1,41.3,0,1.0
syn_fast_08,P-FAST,33,2026-10-01T20:30:04.733992,PY-FLOW-03,IT-F03-04,3,1,1,38.3,0,1.0
syn_fast_08,P-FAST,34,2026-10-01T20:31:16.512306,PY-FLOW-03,IT-F03-01,2,1,1,33.2,0,1.0
syn_fast_08,P-FAST,35,2026-10-01T20:32:21.121807,PY-FLOW-03,IT-F03-02,2,1,1,31.8,0,1.0
syn_fast_08,P-FAST,36,2026-10-01T20:33:24.984162,PY-FLOW-03,IT-F03-03,3,1,1,34.9,0,1.0
syn_fast_08,P-FAST,37,2026-10-01T20:34:32.962260,PY-FLOW-03,IT-F03-04,3,0,1,37.7,0,1.0
syn_fast_09,P-FAST,1,2026-10-01T12:00:38.730464,PY-BASICS-01,IT-B01-01,1,0,1,27.6,0,1.0
syn_fast_09,P-FAST,2,2026-10-01T12:01:34.302212,PY-BASICS-01,IT-B01-02,1,1,1,17.6,0,1.0
syn_fast_09,P-FAST,3,2026-10-01T12:02:17.533411,PY-BASICS-01,IT-B01-03,1,1,1,23.1,0,1.0
syn_fast_09,P-FAST,4,2026-10-01T12:03:32.381254,PY-BASICS-01,IT-B01-04,2,1,2,36.9,0,1.0
syn_fast_09,P-FAST,5,2026-10-01T12:04:48.847777,PY-BASICS-01,IT-B01-01,1,0,1,20.7,0,1.0
syn_fast_09,P-FAST,6,2026-10-01T12:05:55.369664,PY-BASICS-02,IT-B02-01,1,0,2,35.8,0,0.5989
syn_fast_09,P-FAST,7,2026-10-01T12:07:12.701724,PY-BASICS-02,IT-B02-02,2,0,1,29.6,0,0.5989
syn_fast_09,P-FAST,8,2026-10-01T12:08:33.254411,PY-BASICS-02,IT-B02-03,2,1,1,28.7,1,0.5989
syn_fast_09,P-FAST,9,2026-10-01T12:10:30.831076,PY-BASICS-02,IT-B02-04,3,0,2,65.9,0,0.5989
syn_fast_09,P-FAST,10,2026-10-01T14:03:15.561138,PY-BASICS-02,IT-B02-01,1,1,1,21.1,0,0.5989
syn_fast_09,P-FAST,11,2026-10-01T14:04:08.838369,PY-BASICS-03,IT-B03-01,1,1,1,29.4,0,0.5989
syn_fast_09,P-FAST,12,2026-10-01T14:05:48.846323,PY-BASICS-03,IT-B03-02,2,0,3,57.9,0,0.5989
syn_fast_09,P-FAST,13,2026-10-01T14:07:05.056011,PY-BASICS-03,IT-B03-03,2,0,1,27.0,0,0.5989
syn_fast_09,P-FAST,14,2026-10-01T14:08:27.353916,PY-BASICS-03,IT-B03-04,3,1,1,37.8,1,0.5989
syn_fast_09,P-FAST,15,2026-10-01T14:09:10.925492,PY-BASICS-03,IT-B03-01,1,1,1,20.6,0,0.5989
syn_fast_09,P-FAST,16,2026-10-01T14:10:34.503656,PY-FLOW-01,IT-F01-01,2,1,1,33.8,0,0.611
syn_fast_09,P-FAST,17,2026-10-01T14:11:46.338922,PY-FLOW-01,IT-F01-02,2,1,1,34.6,0,0.611
syn_fast_09,P-FAST,18,2026-10-01T14:13:04.188984,PY-FLOW-01,IT-F01-03,2,1,1,28.9,0,0.611
syn_fast_09,P-FAST,19,2026-10-01T14:14:32.683456,PY-FLOW-01,IT-F01-04,3,1,1,39.3,0,0.611
syn_fast_09,P-FAST,20,2026-10-01T18:04:10.872518,PY-FLOW-01,IT-F01-01,2,1,1,25.6,0,0.611
syn_fast_09,P-FAST,21,2026-10-01T18:05:42.274648,PY-FLOW-02,IT-F02-01,2,0,2,51.0,0,1.0
syn_fast_09,P-FAST,22,2026-10-01T18:07:04.463072,PY-FLOW-02,IT-F02-02,3,1,1,38.6,0,1.0
syn_fast_09,P-FAST,23,2026-10-01T18:08:33.666552,PY-FLOW-02,IT-F02-03,3,1,1,46.1,0,1.0
syn_fast_09,P-FAST,24,2026-10-01T18:09:58.057661,PY-FLOW-02,IT-F02-04,3,1,1,30.5,0,1.0
syn_fast_09,P-FAST,25,2026-10-01T18:11:21.282444,PY-FLOW-02,IT-F02-01,2,1,2,40.0,0,1.0
syn_fast_09,P-FAST,26,2026-10-01T18:12:44.475527,PY-FLOW-03,IT-F03-01,2,1,2,61.4,0,1.0
syn_fast_09,P-FAST,27,2026-10-01T18:13:32.748409,PY-FLOW-03,IT-F03-02,2,1,1,30.2,0,1.0
syn_fast_09,P-FAST,28,2026-10-01T18:14:43.347772,PY-FLOW-03,IT-F03-03,3,0,1,35.7,0,1.0
syn_fast_09,P-FAST,29,2026-10-01T18:15:53.474692,PY-FLOW-03,IT-F03-04,3,1,1,41.5,0,1.0
syn_fast_09,P-FAST,30,2026-10-01T19:55:12.584089,PY-FLOW-03,IT-F03-01,2,1,1,26.2,0,1.0
syn_fast_09,P-FAST,31,2026-10-01T19:56:15.114249,PY-FLOW-03,IT-F03-02,2,0,1,24.7,0,1.0
syn_fast_09,P-FAST,32,2026-10-01T19:57:17.882602,PY-FLOW-03,IT-F03-03,3,1,1,33.8,1,1.0
syn_fast_09,P-FAST,33,2026-10-01T19:58:50.318726,PY-FLOW-03,IT-F03-04,3,1,1,57.1,0,1.0
syn_fast_10,P-FAST,1,2026-10-01T08:42:21.476544,PY-BASICS-01,IT-B01-01,1,1,1,31.4,0,1.0
syn_fast_10,P-FAST,2,2026-10-01T08:43:02.429439,PY-BASICS-01,IT-B01-02,1,1,1,22.5,0,1.0
syn_fast_10,P-FAST,3,2026-10-01T08:44:19.320691,PY-BASICS-01,IT-B01-03,1,1,1,23.0,0,1.0
syn_fast_10,P-FAST,4,2026-10-01T08:45:41.508893,PY-BASICS-01,IT-B01-04,2,1,1,28.7,0,1.0
syn_fast_10,P-FAST,5,2026-10-01T08:46:57.184270,PY-BASICS-01,IT-B01-01,1,1,1,33.0,0,1.0
syn_fast_10,P-FAST,6,2026-10-01T08:48:13.602322,PY-BASICS-02,IT-B02-01,1,0,2,38.6,0,1.0
syn_fast_10,P-FAST,7,2026-10-01T08:49:10.024347,PY-BASICS-02,IT-B02-02,2,1,1,20.6,0,1.0
syn_fast_10,P-FAST,8,2026-10-01T08:50:22.868584,PY-BASICS-02,IT-B02-03,2,1,1,32.9,0,1.0
syn_fast_10,P-FAST,9,2026-10-01T08:51:45.100385,PY-BASICS-02,IT-B02-04,3,0,1,31.6,0,1.0
syn_fast_10,P-FAST,10,2026-10-01T11:30:34.318172,PY-BASICS-02,IT-B02-01,1,0,1,26.3,0,1.0
syn_fast_10,P-FAST,11,2026-10-01T11:31:56.459888,PY-BASICS-03,IT-B03-01,1,0,1,30.7,0,1.0
syn_fast_10,P-FAST,12,2026-10-01T11:33:17.192573,PY-BASICS-03,IT-B03-02,2,1,1,36.4,0,1.0
syn_fast_10,P-FAST,13,2026-10-01T11:34:17.161277,PY-BASICS-03,IT-B03-03,2,1,1,30.5,0,1.0
syn_fast_10,P-FAST,14,2026-10-01T11:35:28.664583,PY-BASICS-03,IT-B03-04,3,1,1,35.1,0,1.0
syn_fast_10,P-FAST,15,2026-10-01T11:36:34.753331,PY-BASICS-03,IT-B03-01,1,1,3,44.3,0,1.0
syn_fast_10,P-FAST,16,2026-10-01T11:37:26.337648,PY-FLOW-01,IT-F01-01,2,1,1,33.8,0,0.82
syn_fast_10,P-FAST,17,2026-10-01T11:38:11.895232,PY-FLOW-01,IT-F01-02,2,1,1,25.9,0,0.82
syn_fast_10,P-FAST,18,2026-10-01T11:39:34.655940,PY-FLOW-01,IT-F01-03,2,1,1,27.3,0,0.82
syn_fast_10,P-FAST,19,2026-10-01T11:40:31.910640,PY-FLOW-01,IT-F01-04,3,1,1,26.8,0,0.82
syn_fast_10,P-FAST,20,2026-10-01T14:27:27.495854,PY-FLOW-01,IT-F01-01,2,1,1,27.5,0,0.82
syn_fast_10,P-FAST,21,2026-10-01T14:28:27.461005,PY-FLOW-02,IT-F02-01,2,1,1,37.2,0,1.0
syn_fast_10,P-FAST,22,2026-10-01T14:29:27.809473,PY-FLOW-02,IT-F02-02,3,1,1,34.2,2,1.0
syn_fast_10,P-FAST,23,2026-10-01T14:30:33.008595,PY-FLOW-02,IT-F02-03,3,1,1,30.5,0,1.0
syn_fast_10,P-FAST,24,2026-10-01T14:31:52.782576,PY-FLOW-02,IT-F02-04,3,1,1,45.0,0,1.0
syn_fast_10,P-FAST,25,2026-10-01T14:32:54.506238,PY-FLOW-02,IT-F02-01,2,1,1,23.2,0,1.0
syn_fast_10,P-FAST,26,2026-10-01T14:34:19.749817,PY-FLOW-03,IT-F03-01,2,0,3,63.1,0,1.0
syn_fast_10,P-FAST,27,2026-10-01T14:35:20.628156,PY-FLOW-03,IT-F03-02,2,1,1,29.1,0,1.0
syn_fast_10,P-FAST,28,2026-10-01T14:36:17.358367,PY-FLOW-03,IT-F03-03,3,0,1,29.0,0,1.0
syn_fast_10,P-FAST,29,2026-10-01T14:37:35.452990,PY-FLOW-03,IT-F03-04,3,1,1,44.7,0,1.0
syn_fast_10,P-FAST,30,2026-10-01T17:38:24.252273,PY-FLOW-03,IT-F03-01,2,1,1,37.6,0,1.0
syn_fast_10,P-FAST,31,2026-10-01T17:39:55.367485,PY-FLOW-03,IT-F03-02,2,1,1,40.6,0,1.0
syn_fast_10,P-FAST,32,2026-10-01T17:41:16.696226,PY-FLOW-03,IT-F03-03,3,1,1,37.2,2,1.0
syn_fast_10,P-FAST,33,2026-10-01T17:42:22.762259,PY-FLOW-03,IT-F03-04,3,1,1,48.1,0,1.0
syn_fast_10,P-FAST,34,2026-10-01T17:43:07.915027,PY-FLOW-03,IT-F03-01,2,0,1,25.9,0,1.0
syn_fast_10,P-FAST,35,2026-10-01T17:44:26.942098,PY-FLOW-03,IT-F03-02,2,1,1,33.5,0,1.0
syn_fast_10,P-FAST,36,2026-10-01T17:45:22.928712,PY-FLOW-03,IT-F03-03,3,1,1,28.2,0,1.0
syn_fast_10,P-FAST,37,2026-10-01T17:46:55.596726,PY-FLOW-03,IT-F03-04,3,1,1,45.1,0,1.0
syn_fast_10,P-FAST,38,2026-10-01T17:48:10.542110,PY-FLOW-03,IT-F03-01,2,1,1,30.4,0,1.0
syn_fast_10,P-FAST,39,2026-10-01T17:49:39.227531,PY-FLOW-03,IT-F03-02,2,1,1,32.9,0,1.0
syn_fast_10,P-FAST,40,2026-10-01T20:11:12.083441,PY-FLOW-03,IT-F03-03,3,0,1,38.3,0,1.0
syn_erratic_01,P-ERRATIC,1,2026-10-01T15:00:03.711307,PY-BASICS-01,IT-B01-01,1,1,1,8.0,0,1.0
syn_erratic_01,P-ERRATIC,2,2026-10-01T15:00:59.253242,PY-BASICS-01,IT-B01-02,1,1,1,24.8,0,1.0
syn_erratic_01,P-ERRATIC,3,2026-10-01T15:02:07.699585,PY-BASICS-01,IT-B01-03,1,1,1,9.9,0,1.0
syn_erratic_01,P-ERRATIC,4,2026-10-01T15:03:04.831183,PY-BASICS-01,IT-B01-04,2,0,1,10.7,0,1.0
syn_erratic_01,P-ERRATIC,5,2026-10-01T15:03:45.869292,PY-BASICS-01,IT-B01-01,1,1,1,8.4,0,1.0
syn_erratic_01,P-ERRATIC,6,2026-10-01T15:04:36.546147,PY-BASICS-01,IT-B01-02,1,0,2,8.9,0,1.0
syn_erratic_01,P-ERRATIC,7,2026-10-01T15:05:38.756246,PY-BASICS-01,IT-B01-03,1,1,1,5.0,0,1.0
syn_erratic_01,P-ERRATIC,8,2026-10-01T15:06:21.787431,PY-BASICS-02,IT-B02-01,1,0,1,14.1,0,0.7004
syn_erratic_01,P-ERRATIC,9,2026-10-01T15:07:03.838000,PY-BASICS-02,IT-B02-02,2,0,1,10.1,0,0.7004
syn_erratic_01,P-ERRATIC,10,2026-10-01T18:40:00.725842,PY-BASICS-02,IT-B02-03,2,0,1,7.6,0,0.7004
syn_erratic_01,P-ERRATIC,11,2026-10-01T18:41:06.381080,PY-BASICS-02,IT-B02-04,3,0,2,20.5,0,0.7004
syn_erratic_01,P-ERRATIC,12,2026-10-01T18:42:07.684234,PY-BASICS-02,IT-B02-01,1,0,1,9.0,0,0.7004
syn_erratic_01,P-ERRATIC,13,2026-10-01T18:43:18.829094,PY-BASICS-02,IT-B02-02,2,0,1,22.9,0,0.7004
syn_erratic_01,P-ERRATIC,14,2026-10-01T18:44:12.772744,PY-BASICS-02,IT-B02-03,2,1,1,8.1,0,0.7004
syn_erratic_01,P-ERRATIC,15,2026-10-01T18:45:03.060444,PY-BASICS-03,IT-B03-01,1,1,1,11.6,0,0.7004
syn_erratic_01,P-ERRATIC,16,2026-10-01T18:46:12.131561,PY-BASICS-03,IT-B03-02,2,0,2,25.0,0,0.7004
syn_erratic_01,P-ERRATIC,17,2026-10-01T18:47:04.784847,PY-BASICS-03,IT-B03-03,2,1,1,18.6,0,0.7004
syn_erratic_01,P-ERRATIC,18,2026-10-01T18:47:52.267111,PY-BASICS-03,IT-B03-04,3,0,1,16.2,0,0.7004
syn_erratic_01,P-ERRATIC,19,2026-10-01T18:48:47.584006,PY-BASICS-03,IT-B03-01,1,1,2,24.0,0,0.7004
syn_erratic_01,P-ERRATIC,20,2026-10-01T20:51:35.329789,PY-BASICS-03,IT-B03-02,2,0,1,16.9,0,0.7004
syn_erratic_01,P-ERRATIC,21,2026-10-01T20:52:44.374861,PY-BASICS-03,IT-B03-03,2,0,2,11.4,0,0.7004
syn_erratic_01,P-ERRATIC,22,2026-10-01T20:53:30.057052,PY-FLOW-01,IT-F01-01,2,0,1,8.8,0,0.4064
syn_erratic_01,P-ERRATIC,23,2026-10-01T20:54:13.351489,PY-FLOW-01,IT-F01-02,2,1,1,18.1,0,0.4064
syn_erratic_01,P-ERRATIC,24,2026-10-01T20:54:40.741930,PY-FLOW-01,IT-F01-03,2,1,1,6.2,0,0.4064
syn_erratic_01,P-ERRATIC,25,2026-10-01T20:55:11.814359,PY-FLOW-01,IT-F01-04,3,0,1,12.6,0,0.4064
syn_erratic_01,P-ERRATIC,26,2026-10-01T20:56:17.613636,PY-FLOW-01,IT-F01-01,2,0,1,12.8,0,0.4064
syn_erratic_01,P-ERRATIC,27,2026-10-01T20:57:01.264970,PY-FLOW-01,IT-F01-02,2,0,1,24.1,0,0.4064
syn_erratic_01,P-ERRATIC,28,2026-10-01T20:57:57.854332,PY-FLOW-01,IT-F01-03,2,0,1,6.9,0,0.4064
syn_erratic_01,P-ERRATIC,29,2026-10-01T20:59:11.234724,PY-FLOW-02,IT-F02-01,2,0,1,20.8,0,0.2633
syn_erratic_01,P-ERRATIC,30,2026-10-01T22:36:00.827852,PY-FLOW-02,IT-F02-02,3,0,1,15.1,0,0.2633
syn_erratic_01,P-ERRATIC,31,2026-10-01T22:36:44.182249,PY-FLOW-02,IT-F02-03,3,0,1,13.2,0,0.2633
syn_erratic_01,P-ERRATIC,32,2026-10-01T22:37:45.966091,PY-FLOW-02,IT-F02-04,3,0,1,12.3,0,0.2633
syn_erratic_01,P-ERRATIC,33,2026-10-01T22:38:15.363298,PY-FLOW-02,IT-F02-01,2,1,1,8.5,0,0.2633
syn_erratic_01,P-ERRATIC,34,2026-10-01T22:39:16.815692,PY-FLOW-02,IT-F02-02,3,0,2,29.5,0,0.2633
syn_erratic_01,P-ERRATIC,35,2026-10-01T22:40:00.616817,PY-FLOW-02,IT-F02-03,3,0,1,21.5,0,0.2633
syn_erratic_01,P-ERRATIC,36,2026-10-01T22:41:02.227345,PY-FLOW-03,IT-F03-01,2,0,2,9.2,0,0.2633
syn_erratic_01,P-ERRATIC,37,2026-10-01T22:42:04.126747,PY-FLOW-03,IT-F03-02,2,0,1,12.2,0,0.2633
syn_erratic_01,P-ERRATIC,38,2026-10-01T22:43:26.833714,PY-FLOW-03,IT-F03-03,3,1,2,31.3,0,0.2633
syn_erratic_01,P-ERRATIC,39,2026-10-01T22:44:05.482976,PY-FLOW-03,IT-F03-04,3,0,1,16.2,0,0.2633
syn_erratic_01,P-ERRATIC,40,2026-10-02T01:16:45.305782,PY-FLOW-03,IT-F03-01,2,0,1,27.4,0,0.2633
syn_erratic_02,P-ERRATIC,1,2026-10-01T16:07:35.767098,PY-BASICS-01,IT-B01-01,1,1,2,11.2,0,1.0
syn_erratic_02,P-ERRATIC,2,2026-10-01T16:08:23.956040,PY-BASICS-01,IT-B01-02,1,0,1,13.2,0,1.0
syn_erratic_02,P-ERRATIC,3,2026-10-01T16:09:01.377797,PY-BASICS-01,IT-B01-03,1,1,1,9.6,0,1.0
syn_erratic_02,P-ERRATIC,4,2026-10-01T16:10:04.261940,PY-BASICS-01,IT-B01-04,2,0,1,14.2,0,1.0
syn_erratic_02,P-ERRATIC,5,2026-10-01T16:10:47.563698,PY-BASICS-01,IT-B01-01,1,0,2,8.1,0,1.0
syn_erratic_02,P-ERRATIC,6,2026-10-01T16:11:40.994200,PY-BASICS-01,IT-B01-02,1,1,1,14.4,0,1.0
syn_erratic_02,P-ERRATIC,7,2026-10-01T16:12:22.520255,PY-BASICS-01,IT-B01-03,1,0,2,12.6,0,1.0
syn_erratic_02,P-ERRATIC,8,2026-10-01T16:13:23.708329,PY-BASICS-02,IT-B02-01,1,1,1,9.8,0,0.4143
syn_erratic_02,P-ERRATIC,9,2026-10-01T16:14:19.114031,PY-BASICS-02,IT-B02-02,2,1,2,19.3,0,0.4143
syn_erratic_02,P-ERRATIC,10,2026-10-01T18:40:34.262758,PY-BASICS-02,IT-B02-03,2,0,1,12.0,0,0.4143
syn_erratic_02,P-ERRATIC,11,2026-10-01T18:41:46.383616,PY-BASICS-02,IT-B02-04,3,0,1,14.5,0,0.4143
syn_erratic_02,P-ERRATIC,12,2026-10-01T18:42:52.283407,PY-BASICS-02,IT-B02-01,1,0,1,6.6,0,0.4143
syn_erratic_02,P-ERRATIC,13,2026-10-01T18:43:47.059006,PY-BASICS-02,IT-B02-02,2,1,2,19.0,0,0.4143
syn_erratic_02,P-ERRATIC,14,2026-10-01T18:44:24.138734,PY-BASICS-02,IT-B02-03,2,1,1,9.4,0,0.4143
syn_erratic_02,P-ERRATIC,15,2026-10-01T18:45:04.322994,PY-BASICS-03,IT-B03-01,1,0,1,8.0,0,0.4143
syn_erratic_02,P-ERRATIC,16,2026-10-01T18:46:00.658684,PY-BASICS-03,IT-B03-02,2,0,1,17.6,0,0.4143
syn_erratic_02,P-ERRATIC,17,2026-10-01T18:47:13.540751,PY-BASICS-03,IT-B03-03,2,1,1,14.4,0,0.4143
syn_erratic_02,P-ERRATIC,18,2026-10-01T18:48:16.600857,PY-BASICS-03,IT-B03-04,3,0,1,11.3,0,0.4143
syn_erratic_02,P-ERRATIC,19,2026-10-01T18:49:20.157522,PY-BASICS-03,IT-B03-01,1,1,2,12.5,0,0.4143
syn_erratic_02,P-ERRATIC,20,2026-10-01T20:57:24.214360,PY-BASICS-03,IT-B03-02,2,1,1,12.8,0,0.4143
syn_erratic_02,P-ERRATIC,21,2026-10-01T20:58:17.167417,PY-BASICS-03,IT-B03-03,2,0,1,9.1,0,0.4143
syn_erratic_02,P-ERRATIC,22,2026-10-01T20:59:20.402680,PY-FLOW-01,IT-F01-01,2,0,1,8.9,0,0.4421
syn_erratic_02,P-ERRATIC,23,2026-10-01T21:00:18.157014,PY-FLOW-01,IT-F01-02,2,1,1,17.8,0,0.4421
syn_erratic_02,P-ERRATIC,24,2026-10-01T21:00:47.673552,PY-FLOW-01,IT-F01-03,2,0,1,9.9,0,0.4421
syn_erratic_02,P-ERRATIC,25,2026-10-01T21:01:55.938704,PY-FLOW-01,IT-F01-04,3,0,1,15.2,0,0.4421
syn_erratic_02,P-ERRATIC,26,2026-10-01T21:03:04.641176,PY-FLOW-01,IT-F01-01,2,0,1,15.4,0,0.4421
syn_erratic_02,P-ERRATIC,27,2026-10-01T21:03:56.069012,PY-FLOW-01,IT-F01-02,2,0,1,23.6,0,0.4421
syn_erratic_02,P-ERRATIC,28,2026-10-01T21:04:58.309269,PY-FLOW-01,IT-F01-03,2,1,2,12.9,0,0.4421
syn_erratic_02,P-ERRATIC,29,2026-10-01T21:05:44.684877,PY-FLOW-02,IT-F02-01,2,1,1,19.1,0,0.294
syn_erratic_02,P-ERRATIC,30,2026-10-01T22:59:04.461560,PY-FLOW-02,IT-F02-02,3,1,1,17.9,0,0.294
syn_erratic_02,P-ERRATIC,31,2026-10-01T22:59:54.947825,PY-FLOW-02,IT-F02-03,3,1,1,15.8,0,0.294
syn_erratic_02,P-ERRATIC,32,2026-10-01T23:01:05.336422,PY-FLOW-02,IT-F02-04,3,0,2,12.8,0,0.294
syn_erratic_02,P-ERRATIC,33,2026-10-01T23:01:51.428132,PY-FLOW-02,IT-F02-01,2,1,1,21.1,0,0.294
syn_erratic_02,P-ERRATIC,34,2026-10-01T23:02:44.528892,PY-FLOW-02,IT-F02-02,3,0,2,17.8,0,0.294
syn_erratic_02,P-ERRATIC,35,2026-10-01T23:03:28.660221,PY-FLOW-02,IT-F02-03,3,0,1,13.4,0,0.294
syn_erratic_02,P-ERRATIC,36,2026-10-01T23:03:54.260380,PY-FLOW-03,IT-F03-01,2,0,1,9.4,0,0.294
syn_erratic_03,P-ERRATIC,1,2026-10-01T08:39:09.087846,PY-BASICS-01,IT-B01-01,1,1,2,10.8,0,1.0
syn_erratic_03,P-ERRATIC,2,2026-10-01T08:39:48.997859,PY-BASICS-01,IT-B01-02,1,1,1,14.3,0,1.0
syn_erratic_03,P-ERRATIC,3,2026-10-01T08:40:57.351500,PY-BASICS-01,IT-B01-03,1,0,1,8.6,0,1.0
syn_erratic_03,P-ERRATIC,4,2026-10-01T08:41:46.322570,PY-BASICS-01,IT-B01-04,2,1,1,17.1,0,1.0
syn_erratic_03,P-ERRATIC,5,2026-10-01T08:42:13.991010,PY-BASICS-01,IT-B01-01,1,1,1,11.4,0,1.0
syn_erratic_03,P-ERRATIC,6,2026-10-01T08:43:16.278176,PY-BASICS-01,IT-B01-02,1,1,1,5.4,0,1.0
syn_erratic_03,P-ERRATIC,7,2026-10-01T08:44:21.941109,PY-BASICS-01,IT-B01-03,1,1,1,12.9,0,1.0
syn_erratic_03,P-ERRATIC,8,2026-10-01T08:45:21.689340,PY-BASICS-02,IT-B02-01,1,1,2,15.5,0,0.865
syn_erratic_03,P-ERRATIC,9,2026-10-01T08:46:29.401469,PY-BASICS-02,IT-B02-02,2,0,1,17.1,0,0.865
syn_erratic_03,P-ERRATIC,10,2026-10-01T11:00:18.408026,PY-BASICS-02,IT-B02-03,2,1,1,25.9,0,0.865
syn_erratic_03,P-ERRATIC,11,2026-10-01T11:01:22.247297,PY-BASICS-02,IT-B02-04,3,1,2,11.5,0,0.865
syn_erratic_03,P-ERRATIC,12,2026-10-01T11:02:14.770536,PY-BASICS-02,IT-B02-01,1,1,1,6.2,0,0.865
syn_erratic_03,P-ERRATIC,13,2026-10-01T11:02:46.916207,PY-BASICS-02,IT-B02-02,2,0,1,10.9,0,0.865
syn_erratic_03,P-ERRATIC,14,2026-10-01T11:03:40.365335,PY-BASICS-02,IT-B02-03,2,0,1,6.7,0,0.865
syn_erratic_03,P-ERRATIC,15,2026-10-01T11:04:26.252401,PY-BASICS-03,IT-B03-01,1,0,1,10.7,0,0.865
syn_erratic_03,P-ERRATIC,16,2026-10-01T11:04:51.888705,PY-BASICS-03,IT-B03-02,2,0,1,10.4,0,0.865
syn_erratic_03,P-ERRATIC,17,2026-10-01T11:05:29.453865,PY-BASICS-03,IT-B03-03,2,0,1,19.0,0,0.865
syn_erratic_03,P-ERRATIC,18,2026-10-01T11:06:16.170442,PY-BASICS-03,IT-B03-04,3,1,1,20.2,0,0.865
syn_erratic_03,P-ERRATIC,19,2026-10-01T11:07:14.843781,PY-BASICS-03,IT-B03-01,1,1,1,6.1,0,0.865
syn_erratic_03,P-ERRATIC,20,2026-10-01T14:27:14.953040,PY-BASICS-03,IT-B03-02,2,0,1,15.3,0,0.865
syn_erratic_03,P-ERRATIC,21,2026-10-01T14:28:04.102758,PY-BASICS-03,IT-B03-03,2,0,1,10.4,0,0.865
syn_erratic_03,P-ERRATIC,22,2026-10-01T14:28:33.806167,PY-FLOW-01,IT-F01-01,2,0,1,9.7,0,0.2917
syn_erratic_03,P-ERRATIC,23,2026-10-01T14:29:10.870738,PY-FLOW-01,IT-F01-02,2,1,1,9.1,0,0.2917
syn_erratic_03,P-ERRATIC,24,2026-10-01T14:29:55.222542,PY-FLOW-01,IT-F01-03,2,1,1,15.8,0,0.2917
syn_erratic_03,P-ERRATIC,25,2026-10-01T14:30:29.171267,PY-FLOW-01,IT-F01-04,3,1,1,16.8,0,0.2917
syn_erratic_03,P-ERRATIC,26,2026-10-01T14:31:21.563416,PY-FLOW-01,IT-F01-01,2,0,2,18.5,0,0.2917
syn_erratic_03,P-ERRATIC,27,2026-10-01T14:32:21.988876,PY-FLOW-01,IT-F01-02,2,0,1,9.7,0,0.2917
syn_erratic_03,P-ERRATIC,28,2026-10-01T14:33:06.858989,PY-FLOW-01,IT-F01-03,2,0,1,9.3,0,0.2917
syn_erratic_03,P-ERRATIC,29,2026-10-01T14:33:39.847594,PY-FLOW-02,IT-F02-01,2,0,1,13.0,0,0.4054
syn_erratic_03,P-ERRATIC,30,2026-10-01T17:34:16.830589,PY-FLOW-02,IT-F02-02,3,1,1,10.6,0,0.4054
syn_erratic_03,P-ERRATIC,31,2026-10-01T17:34:50.270180,PY-FLOW-02,IT-F02-03,3,0,1,17.7,0,0.4054
syn_erratic_03,P-ERRATIC,32,2026-10-01T17:35:39.562088,PY-FLOW-02,IT-F02-04,3,0,1,11.1,0,0.4054
syn_erratic_03,P-ERRATIC,33,2026-10-01T17:36:20.649304,PY-FLOW-02,IT-F02-01,2,0,1,15.2,0,0.4054
syn_erratic_03,P-ERRATIC,34,2026-10-01T17:37:18.610262,PY-FLOW-02,IT-F02-02,3,0,2,36.5,0,0.4054
syn_erratic_03,P-ERRATIC,35,2026-10-01T17:38:07.026012,PY-FLOW-02,IT-F02-03,3,0,1,14.1,0,0.4054
syn_erratic_03,P-ERRATIC,36,2026-10-01T17:39:00.592443,PY-FLOW-03,IT-F03-01,2,1,1,10.9,0,0.4054
syn_erratic_03,P-ERRATIC,37,2026-10-01T17:39:36.017834,PY-FLOW-03,IT-F03-02,2,0,1,9.6,0,0.4054
syn_erratic_03,P-ERRATIC,38,2026-10-01T17:40:25.763376,PY-FLOW-03,IT-F03-03,3,0,1,16.0,0,0.4054
syn_erratic_03,P-ERRATIC,39,2026-10-01T17:41:30.760085,PY-FLOW-03,IT-F03-04,3,0,1,20.1,0,0.4054
syn_erratic_03,P-ERRATIC,40,2026-10-01T21:38:37.803132,PY-FLOW-03,IT-F03-01,2,1,2,36.3,0,0.4054
syn_erratic_03,P-ERRATIC,41,2026-10-01T21:39:09.148702,PY-FLOW-03,IT-F03-02,2,0,2,13.3,0,0.4054
syn_erratic_03,P-ERRATIC,42,2026-10-01T21:40:03.121377,PY-FLOW-03,IT-F03-03,3,0,1,15.3,0,0.4054
syn_erratic_03,P-ERRATIC,43,2026-10-01T21:41:02.451123,PY-FLOW-03,IT-F03-04,3,0,1,21.5,0,0.4054
syn_erratic_04,P-ERRATIC,1,2026-10-01T19:52:22.557016,PY-BASICS-01,IT-B01-01,1,1,1,6.7,0,1.0
syn_erratic_04,P-ERRATIC,2,2026-10-01T19:53:02.827434,PY-BASICS-01,IT-B01-02,1,1,1,7.7,0,1.0
syn_erratic_04,P-ERRATIC,3,2026-10-01T19:53:47.083513,PY-BASICS-01,IT-B01-03,1,1,1,8.1,0,1.0
syn_erratic_04,P-ERRATIC,4,2026-10-01T19:54:47.288699,PY-BASICS-01,IT-B01-04,2,1,3,16.6,0,1.0
syn_erratic_04,P-ERRATIC,5,2026-10-01T19:55:58.935473,PY-BASICS-01,IT-B01-01,1,1,2,12.5,0,1.0
syn_erratic_04,P-ERRATIC,6,2026-10-01T19:56:34.449735,PY-BASICS-01,IT-B01-02,1,1,1,9.1,0,1.0
syn_erratic_04,P-ERRATIC,7,2026-10-01T19:56:59.380635,PY-BASICS-01,IT-B01-03,1,1,1,9.2,0,1.0
syn_erratic_04,P-ERRATIC,8,2026-10-01T19:57:56.664036,PY-BASICS-02,IT-B02-01,1,0,1,6.8,0,1.0
syn_erratic_04,P-ERRATIC,9,2026-10-01T19:58:56.880148,PY-BASICS-02,IT-B02-02,2,1,3,29.7,0,1.0
syn_erratic_04,P-ERRATIC,10,2026-10-01T23:04:24.875156,PY-BASICS-02,IT-B02-03,2,0,1,25.7,0,1.0
syn_erratic_04,P-ERRATIC,11,2026-10-01T23:05:23.492718,PY-BASICS-02,IT-B02-04,3,0,1,8.9,0,1.0
syn_erratic_04,P-ERRATIC,12,2026-10-01T23:06:26.176132,PY-BASICS-02,IT-B02-01,1,0,1,14.6,0,1.0
syn_erratic_04,P-ERRATIC,13,2026-10-01T23:07:18.839469,PY-BASICS-02,IT-B02-02,2,0,1,22.7,0,1.0
syn_erratic_04,P-ERRATIC,14,2026-10-01T23:07:53.834575,PY-BASICS-02,IT-B02-03,2,1,1,18.0,0,1.0
syn_erratic_04,P-ERRATIC,15,2026-10-01T23:08:50.605194,PY-BASICS-03,IT-B03-01,1,0,1,17.2,0,1.0
syn_erratic_04,P-ERRATIC,16,2026-10-01T23:09:56.013093,PY-BASICS-03,IT-B03-02,2,0,1,13.8,0,1.0
syn_erratic_04,P-ERRATIC,17,2026-10-01T23:10:31.292104,PY-BASICS-03,IT-B03-03,2,0,1,12.4,0,1.0
syn_erratic_04,P-ERRATIC,18,2026-10-01T23:11:34.153521,PY-BASICS-03,IT-B03-04,3,0,1,12.8,0,1.0
syn_erratic_04,P-ERRATIC,19,2026-10-01T23:12:18.661551,PY-BASICS-03,IT-B03-01,1,0,1,8.6,0,1.0
syn_erratic_04,P-ERRATIC,20,2026-10-02T02:17:59.476697,PY-BASICS-03,IT-B03-02,2,0,2,8.9,0,1.0
syn_erratic_04,P-ERRATIC,21,2026-10-02T02:19:03.094093,PY-BASICS-03,IT-B03-03,2,0,1,12.1,0,1.0
syn_erratic_04,P-ERRATIC,22,2026-10-02T02:19:36.433617,PY-FLOW-01,IT-F01-01,2,0,1,15.5,0,0.0
syn_erratic_04,P-ERRATIC,23,2026-10-02T02:20:34.062185,PY-FLOW-01,IT-F01-02,2,0,1,7.7,0,0.0
syn_erratic_04,P-ERRATIC,24,2026-10-02T02:21:20.357766,PY-FLOW-01,IT-F01-03,2,1,1,10.7,0,0.0
syn_erratic_04,P-ERRATIC,25,2026-10-02T02:22:23.062682,PY-FLOW-01,IT-F01-04,3,0,3,34.5,0,0.0
syn_erratic_04,P-ERRATIC,26,2026-10-02T02:22:54.233964,PY-FLOW-01,IT-F01-01,2,0,1,14.2,0,0.0
syn_erratic_04,P-ERRATIC,27,2026-10-02T02:23:29.910107,PY-FLOW-01,IT-F01-02,2,1,1,11.7,0,0.0
syn_erratic_04,P-ERRATIC,28,2026-10-02T02:24:01.195874,PY-FLOW-01,IT-F01-03,2,0,1,14.4,0,0.0
syn_erratic_04,P-ERRATIC,29,2026-10-02T02:25:11.897568,PY-FLOW-02,IT-F02-01,2,1,1,13.7,0,0.2925
syn_erratic_04,P-ERRATIC,30,2026-10-02T06:24:30.394151,PY-FLOW-02,IT-F02-02,3,1,2,18.2,0,0.2925
syn_erratic_04,P-ERRATIC,31,2026-10-02T06:25:28.130532,PY-FLOW-02,IT-F02-03,3,0,1,18.3,0,0.2925
syn_erratic_04,P-ERRATIC,32,2026-10-02T06:26:06.829651,PY-FLOW-02,IT-F02-04,3,0,1,12.3,0,0.2925
syn_erratic_04,P-ERRATIC,33,2026-10-02T06:27:00.727742,PY-FLOW-02,IT-F02-01,2,1,1,5.0,0,0.2925
syn_erratic_04,P-ERRATIC,34,2026-10-02T06:27:42.627396,PY-FLOW-02,IT-F02-02,3,0,1,18.3,0,0.2925
syn_erratic_04,P-ERRATIC,35,2026-10-02T06:28:32.091234,PY-FLOW-02,IT-F02-03,3,1,1,18.4,0,0.2925
syn_erratic_04,P-ERRATIC,36,2026-10-02T06:29:33.629105,PY-FLOW-03,IT-F03-01,2,1,1,11.4,0,0.2925
syn_erratic_04,P-ERRATIC,37,2026-10-02T06:30:37.890027,PY-FLOW-03,IT-F03-02,2,0,1,10.3,0,0.2925
syn_erratic_04,P-ERRATIC,38,2026-10-02T06:31:18.226638,PY-FLOW-03,IT-F03-03,3,0,1,10.4,0,0.2925
syn_erratic_04,P-ERRATIC,39,2026-10-02T06:31:51.128013,PY-FLOW-03,IT-F03-04,3,1,1,12.3,0,0.2925
syn_erratic_05,P-ERRATIC,1,2026-10-01T12:25:59.555223,PY-BASICS-01,IT-B01-01,1,1,1,6.1,0,1.0
syn_erratic_05,P-ERRATIC,2,2026-10-01T12:26:55.404070,PY-BASICS-01,IT-B01-02,1,1,1,7.4,0,1.0
syn_erratic_05,P-ERRATIC,3,2026-10-01T12:27:58.562757,PY-BASICS-01,IT-B01-03,1,1,1,7.9,0,1.0
syn_erratic_05,P-ERRATIC,4,2026-10-01T12:28:36.861772,PY-BASICS-01,IT-B01-04,2,0,1,5.9,0,1.0
syn_erratic_05,P-ERRATIC,5,2026-10-01T12:29:48.379333,PY-BASICS-01,IT-B01-01,1,0,1,12.7,0,1.0
syn_erratic_05,P-ERRATIC,6,2026-10-01T12:30:37.508478,PY-BASICS-01,IT-B01-02,1,0,2,11.8,0,1.0
syn_erratic_05,P-ERRATIC,7,2026-10-01T12:31:26.597031,PY-BASICS-01,IT-B01-03,1,1,1,11.7,0,1.0
syn_erratic_05,P-ERRATIC,8,2026-10-01T12:32:41.191002,PY-BASICS-02,IT-B02-01,1,0,1,18.0,0,0.5508
syn_erratic_05,P-ERRATIC,9,2026-10-01T12:33:30.758415,PY-BASICS-02,IT-B02-02,2,1,1,11.2,0,0.5508
syn_erratic_05,P-ERRATIC,10,2026-10-01T15:53:39.841998,PY-BASICS-02,IT-B02-03,2,0,1,14.3,0,0.5508
syn_erratic_05,P-ERRATIC,11,2026-10-01T15:54:09.993713,PY-BASICS-02,IT-B02-04,3,1,1,11.6,0,0.5508
syn_erratic_05,P-ERRATIC,12,2026-10-01T15:55:04.004111,PY-BASICS-02,IT-B02-01,1,0,1,11.9,0,0.5508
syn_erratic_05,P-ERRATIC,13,2026-10-01T15:56:20.409469,PY-BASICS-02,IT-B02-02,2,0,3,24.4,0,0.5508
syn_erratic_05,P-ERRATIC,14,2026-10-01T15:57:10.455817,PY-BASICS-02,IT-B02-03,2,0,1,10.5,0,0.5508
syn_erratic_05,P-ERRATIC,15,2026-10-01T15:57:58.410331,PY-BASICS-03,IT-B03-01,1,0,2,18.5,0,0.5508
syn_erratic_05,P-ERRATIC,16,2026-10-01T15:58:44.713432,PY-BASICS-03,IT-B03-02,2,1,2,27.7,0,0.5508
syn_erratic_05,P-ERRATIC,17,2026-10-01T15:59:36.454797,PY-BASICS-03,IT-B03-03,2,1,1,7.0,0,0.5508
syn_erratic_05,P-ERRATIC,18,2026-10-01T16:00:20.947111,PY-BASICS-03,IT-B03-04,3,0,1,15.7,0,0.5508
syn_erratic_05,P-ERRATIC,19,2026-10-01T16:01:19.365084,PY-BASICS-03,IT-B03-01,1,1,1,16.3,0,0.5508
syn_erratic_05,P-ERRATIC,20,2026-10-01T19:15:45.423583,PY-BASICS-03,IT-B03-02,2,0,2,24.0,0,0.5508
syn_erratic_05,P-ERRATIC,21,2026-10-01T19:16:22.843197,PY-BASICS-03,IT-B03-03,2,1,1,6.6,0,0.5508
syn_erratic_05,P-ERRATIC,22,2026-10-01T19:17:01.649179,PY-FLOW-01,IT-F01-01,2,0,3,21.9,0,0.5786
syn_erratic_05,P-ERRATIC,23,2026-10-01T19:18:14.600852,PY-FLOW-01,IT-F01-02,2,0,2,18.8,0,0.5786
syn_erratic_05,P-ERRATIC,24,2026-10-01T19:18:59.866021,PY-FLOW-01,IT-F01-03,2,0,1,14.4,0,0.5786
syn_erratic_05,P-ERRATIC,25,2026-10-01T19:20:18.382798,PY-FLOW-01,IT-F01-04,3,0,1,18.6,0,0.5786
syn_erratic_05,P-ERRATIC,26,2026-10-01T19:20:54.637789,PY-FLOW-01,IT-F01-01,2,1,1,8.9,0,0.5786
syn_erratic_05,P-ERRATIC,27,2026-10-01T19:22:00.239017,PY-FLOW-01,IT-F01-02,2,0,1,6.5,0,0.5786
syn_erratic_05,P-ERRATIC,28,2026-10-01T19:23:13.594714,PY-FLOW-01,IT-F01-03,2,0,1,15.7,0,0.5786
syn_erratic_05,P-ERRATIC,29,2026-10-01T19:23:44.871566,PY-FLOW-02,IT-F02-01,2,0,1,12.9,0,0.1496
syn_erratic_05,P-ERRATIC,30,2026-10-01T21:49:10.259806,PY-FLOW-02,IT-F02-02,3,0,1,11.9,0,0.1496
syn_erratic_05,P-ERRATIC,31,2026-10-01T21:50:22.709125,PY-FLOW-02,IT-F02-03,3,1,2,21.4,0,0.1496
syn_erratic_05,P-ERRATIC,32,2026-10-01T21:51:31.682602,PY-FLOW-02,IT-F02-04,3,0,1,23.4,0,0.1496
syn_erratic_05,P-ERRATIC,33,2026-10-01T21:52:43.958125,PY-FLOW-02,IT-F02-01,2,0,1,14.4,0,0.1496
syn_erratic_05,P-ERRATIC,34,2026-10-01T21:53:24.183201,PY-FLOW-02,IT-F02-02,3,0,1,18.8,0,0.1496
syn_erratic_05,P-ERRATIC,35,2026-10-01T21:54:24.823982,PY-FLOW-02,IT-F02-03,3,1,1,18.3,0,0.1496
syn_erratic_06,P-ERRATIC,1,2026-10-01T17:23:01.943046,PY-BASICS-01,IT-B01-01,1,1,2,12.7,0,1.0
syn_erratic_06,P-ERRATIC,2,2026-10-01T17:23:29.768547,PY-BASICS-01,IT-B01-02,1,1,1,9.8,0,1.0
syn_erratic_06,P-ERRATIC,3,2026-10-01T17:24:26.701739,PY-BASICS-01,IT-B01-03,1,1,2,6.9,0,1.0
syn_erratic_06,P-ERRATIC,4,2026-10-01T17:25:19.386520,PY-BASICS-01,IT-B01-04,2,1,1,21.2,0,1.0
syn_erratic_06,P-ERRATIC,5,2026-10-01T17:26:00.914968,PY-BASICS-01,IT-B01-01,1,0,1,9.3,0,1.0
syn_erratic_06,P-ERRATIC,6,2026-10-01T17:26:56.540977,PY-BASICS-01,IT-B01-02,1,1,1,15.1,0,1.0
syn_erratic_06,P-ERRATIC,7,2026-10-01T17:27:45.970244,PY-BASICS-01,IT-B01-03,1,1,1,7.2,0,1.0
syn_erratic_06,P-ERRATIC,8,2026-10-01T17:28:38.528037,PY-BASICS-02,IT-B02-01,1,0,1,7.0,0,0.8504
syn_erratic_06,P-ERRATIC,9,2026-10-01T17:29:48.625096,PY-BASICS-02,IT-B02-02,2,0,1,12.4,0,0.8504
syn_erratic_06,P-ERRATIC,10,2026-10-01T20:54:57.325944,PY-BASICS-02,IT-B02-03,2,0,1,9.2,0,0.8504
syn_erratic_06,P-ERRATIC,11,2026-10-01T20:56:09.052424,PY-BASICS-02,IT-B02-04,3,1,3,30.9,0,0.8504
syn_erratic_06,P-ERRATIC,12,2026-10-01T20:56:53.778119,PY-BASICS-02,IT-B02-01,1,0,1,5.9,0,0.8504
syn_erratic_06,P-ERRATIC,13,2026-10-01T20:57:52.889651,PY-BASICS-02,IT-B02-02,2,0,1,26.2,0,0.8504
syn_erratic_06,P-ERRATIC,14,2026-10-01T20:58:44.419884,PY-BASICS-02,IT-B02-03,2,0,1,7.3,0,0.8504
syn_erratic_06,P-ERRATIC,15,2026-10-01T20:59:20.852408,PY-BASICS-03,IT-B03-01,1,1,1,10.2,0,0.8504
syn_erratic_06,P-ERRATIC,16,2026-10-01T20:59:59.257596,PY-BASICS-03,IT-B03-02,2,1,3,18.3,0,0.8504
syn_erratic_06,P-ERRATIC,17,2026-10-01T21:00:55.962965,PY-BASICS-03,IT-B03-03,2,1,2,8.6,0,0.8504
syn_erratic_06,P-ERRATIC,18,2026-10-01T21:01:42.219943,PY-BASICS-03,IT-B03-04,3,0,1,8.8,0,0.8504
syn_erratic_06,P-ERRATIC,19,2026-10-01T21:02:25.234375,PY-BASICS-03,IT-B03-01,1,1,1,10.6,0,0.8504
syn_erratic_06,P-ERRATIC,20,2026-10-01T23:12:39.099736,PY-BASICS-03,IT-B03-02,2,1,3,17.6,0,0.8504
syn_erratic_06,P-ERRATIC,21,2026-10-01T23:13:16.412776,PY-BASICS-03,IT-B03-03,2,0,1,10.6,0,0.8504
syn_erratic_06,P-ERRATIC,22,2026-10-01T23:14:04.395066,PY-FLOW-01,IT-F01-01,2,0,1,12.9,0,0.6921
syn_erratic_06,P-ERRATIC,23,2026-10-01T23:15:16.231496,PY-FLOW-01,IT-F01-02,2,1,1,12.0,0,0.6921
syn_erratic_06,P-ERRATIC,24,2026-10-01T23:15:58.782455,PY-FLOW-01,IT-F01-03,2,0,1,14.7,0,0.6921
syn_erratic_06,P-ERRATIC,25,2026-10-01T23:17:06.024006,PY-FLOW-01,IT-F01-04,3,0,1,11.0,0,0.6921
syn_erratic_06,P-ERRATIC,26,2026-10-01T23:17:53.128015,PY-FLOW-01,IT-F01-01,2,0,1,10.0,0,0.6921
syn_erratic_06,P-ERRATIC,27,2026-10-01T23:18:36.546699,PY-FLOW-01,IT-F01-02,2,1,1,22.9,0,0.6921
syn_erratic_06,P-ERRATIC,28,2026-10-01T23:19:46.223882,PY-FLOW-01,IT-F01-03,2,0,1,16.3,0,0.6921
syn_erratic_06,P-ERRATIC,29,2026-10-01T23:20:33.465803,PY-FLOW-02,IT-F02-01,2,1,1,11.9,0,0.2857
syn_erratic_06,P-ERRATIC,30,2026-10-02T01:58:26.807094,PY-FLOW-02,IT-F02-02,3,1,1,11.9,0,0.2857
syn_erratic_06,P-ERRATIC,31,2026-10-02T01:59:01.757677,PY-FLOW-02,IT-F02-03,3,1,2,16.0,0,0.2857
syn_erratic_06,P-ERRATIC,32,2026-10-02T02:00:04.844494,PY-FLOW-02,IT-F02-04,3,1,1,17.4,0,0.2857
syn_erratic_06,P-ERRATIC,33,2026-10-02T02:01:16.192949,PY-FLOW-02,IT-F02-01,2,1,2,18.3,0,0.2857
syn_erratic_06,P-ERRATIC,34,2026-10-02T02:02:07.874399,PY-FLOW-02,IT-F02-02,3,0,2,22.3,0,0.2857
syn_erratic_06,P-ERRATIC,35,2026-10-02T02:02:54.608537,PY-FLOW-02,IT-F02-03,3,1,2,16.1,0,0.2857
syn_erratic_06,P-ERRATIC,36,2026-10-02T02:03:32.930796,PY-FLOW-03,IT-F03-01,2,1,2,20.4,0,0.2857
syn_erratic_06,P-ERRATIC,37,2026-10-02T02:04:25.128507,PY-FLOW-03,IT-F03-02,2,1,1,12.8,0,0.2857
syn_erratic_06,P-ERRATIC,38,2026-10-02T02:05:54.338433,PY-FLOW-03,IT-F03-03,3,1,3,34.1,0,0.2857
syn_erratic_06,P-ERRATIC,39,2026-10-02T02:07:04.949725,PY-FLOW-03,IT-F03-04,3,0,2,17.3,0,0.2857
syn_erratic_06,P-ERRATIC,40,2026-10-02T05:57:15.101246,PY-FLOW-03,IT-F03-01,2,1,1,17.2,0,0.2857
syn_erratic_06,P-ERRATIC,41,2026-10-02T05:58:32.897747,PY-FLOW-03,IT-F03-02,2,1,3,34.1,0,0.2857
syn_erratic_06,P-ERRATIC,42,2026-10-02T05:59:33.814084,PY-FLOW-03,IT-F03-03,3,1,2,10.2,0,0.2857
syn_erratic_07,P-ERRATIC,1,2026-10-01T14:06:49.509502,PY-BASICS-01,IT-B01-01,1,0,1,10.8,0,1.0
syn_erratic_07,P-ERRATIC,2,2026-10-01T14:07:21.353619,PY-BASICS-01,IT-B01-02,1,0,1,7.8,0,1.0
syn_erratic_07,P-ERRATIC,3,2026-10-01T14:07:52.303078,PY-BASICS-01,IT-B01-03,1,1,1,9.7,0,1.0
syn_erratic_07,P-ERRATIC,4,2026-10-01T14:09:12.169866,PY-BASICS-01,IT-B01-04,2,1,2,29.3,0,1.0
syn_erratic_07,P-ERRATIC,5,2026-10-01T14:09:41.252647,PY-BASICS-01,IT-B01-01,1,0,1,12.9,0,1.0
syn_erratic_07,P-ERRATIC,6,2026-10-01T14:10:32.283612,PY-BASICS-01,IT-B01-02,1,1,1,11.1,0,1.0
syn_erratic_07,P-ERRATIC,7,2026-10-01T14:11:13.684614,PY-BASICS-01,IT-B01-03,1,1,1,9.8,0,1.0
syn_erratic_07,P-ERRATIC,8,2026-10-01T14:12:13.449392,PY-BASICS-02,IT-B02-01,1,0,1,8.6,0,0.6003
syn_erratic_07,P-ERRATIC,9,2026-10-01T14:13:08.673504,PY-BASICS-02,IT-B02-02,2,0,2,15.4,0,0.6003
syn_erratic_07,P-ERRATIC,10,2026-10-01T15:57:07.150515,PY-BASICS-02,IT-B02-03,2,0,2,20.0,0,0.6003
syn_erratic_07,P-ERRATIC,11,2026-10-01T15:57:57.268597,PY-BASICS-02,IT-B02-04,3,0,2,21.2,0,0.6003
syn_erratic_07,P-ERRATIC,12,2026-10-01T15:59:09.650374,PY-BASICS-02,IT-B02-01,1,1,1,12.4,0,0.6003
syn_erratic_07,P-ERRATIC,13,2026-10-01T16:00:15.899509,PY-BASICS-02,IT-B02-02,2,1,2,18.9,0,0.6003
syn_erratic_07,P-ERRATIC,14,2026-10-01T16:01:04.755813,PY-BASICS-02,IT-B02-03,2,1,1,10.2,0,0.6003
syn_erratic_07,P-ERRATIC,15,2026-10-01T16:02:08.368218,PY-BASICS-03,IT-B03-01,1,0,2,14.0,0,0.6003
syn_erratic_07,P-ERRATIC,16,2026-10-01T16:03:10.818491,PY-BASICS-03,IT-B03-02,2,0,2,10.4,0,0.6003
syn_erratic_07,P-ERRATIC,17,2026-10-01T16:03:46.637273,PY-BASICS-03,IT-B03-03,2,0,2,17.5,0,0.6003
syn_erratic_07,P-ERRATIC,18,2026-10-01T16:05:00.594361,PY-BASICS-03,IT-B03-04,3,0,1,15.2,0,0.6003
syn_erratic_07,P-ERRATIC,19,2026-10-01T16:05:50.999598,PY-BASICS-03,IT-B03-01,1,1,1,6.5,0,0.6003
syn_erratic_07,P-ERRATIC,20,2026-10-01T19:18:50.129366,PY-BASICS-03,IT-B03-02,2,0,1,22.9,0,0.6003
syn_erratic_07,P-ERRATIC,21,2026-10-01T19:19:36.332531,PY-BASICS-03,IT-B03-03,2,0,1,15.7,0,0.6003
syn_erratic_07,P-ERRATIC,22,2026-10-01T19:20:43.640738,PY-FLOW-01,IT-F01-01,2,0,2,12.8,0,0.1496
syn_erratic_07,P-ERRATIC,23,2026-10-01T19:21:45.952570,PY-FLOW-01,IT-F01-02,2,1,1,12.2,0,0.1496
syn_erratic_07,P-ERRATIC,24,2026-10-01T19:22:37.343297,PY-FLOW-01,IT-F01-03,2,1,1,7.6,0,0.1496
syn_erratic_07,P-ERRATIC,25,2026-10-01T19:23:23.131638,PY-FLOW-01,IT-F01-04,3,0,1,22.6,0,0.1496
syn_erratic_07,P-ERRATIC,26,2026-10-01T19:24:40.113546,PY-FLOW-01,IT-F01-01,2,1,1,18.5,0,0.1496
syn_erratic_07,P-ERRATIC,27,2026-10-01T19:25:53.181369,PY-FLOW-01,IT-F01-02,2,0,2,38.6,0,0.1496
syn_erratic_07,P-ERRATIC,28,2026-10-01T19:26:57.963421,PY-FLOW-01,IT-F01-03,2,0,1,8.8,0,0.1496
syn_erratic_07,P-ERRATIC,29,2026-10-01T19:27:22.656999,PY-FLOW-02,IT-F02-01,2,1,1,7.2,0,0.4128
syn_erratic_07,P-ERRATIC,30,2026-10-01T21:20:48.683450,PY-FLOW-02,IT-F02-02,3,0,1,8.3,0,0.4128
syn_erratic_07,P-ERRATIC,31,2026-10-01T21:21:19.193019,PY-FLOW-02,IT-F02-03,3,0,1,8.1,0,0.4128
syn_erratic_07,P-ERRATIC,32,2026-10-01T21:22:11.912753,PY-FLOW-02,IT-F02-04,3,0,1,23.2,0,0.4128
syn_erratic_07,P-ERRATIC,33,2026-10-01T21:23:09.132699,PY-FLOW-02,IT-F02-01,2,0,1,10.3,0,0.4128
syn_erratic_07,P-ERRATIC,34,2026-10-01T21:23:54.503738,PY-FLOW-02,IT-F02-02,3,0,1,14.8,0,0.4128
syn_erratic_07,P-ERRATIC,35,2026-10-01T21:25:07.144420,PY-FLOW-02,IT-F02-03,3,1,1,15.3,0,0.4128
syn_erratic_07,P-ERRATIC,36,2026-10-01T21:26:12.416086,PY-FLOW-03,IT-F03-01,2,1,1,10.0,0,0.4128
syn_erratic_07,P-ERRATIC,37,2026-10-01T21:27:15.783103,PY-FLOW-03,IT-F03-02,2,0,1,10.3,0,0.4128
syn_erratic_07,P-ERRATIC,38,2026-10-01T21:28:00.060342,PY-FLOW-03,IT-F03-03,3,0,1,18.0,0,0.4128
syn_erratic_08,P-ERRATIC,1,2026-10-01T15:38:04.354212,PY-BASICS-01,IT-B01-01,1,1,1,10.1,0,1.0
syn_erratic_08,P-ERRATIC,2,2026-10-01T15:38:46.186875,PY-BASICS-01,IT-B01-02,1,1,1,21.2,0,1.0
syn_erratic_08,P-ERRATIC,3,2026-10-01T15:39:25.313982,PY-BASICS-01,IT-B01-03,1,0,1,10.5,0,1.0
syn_erratic_08,P-ERRATIC,4,2026-10-01T15:40:16.220493,PY-BASICS-01,IT-B01-04,2,0,2,11.9,0,1.0
syn_erratic_08,P-ERRATIC,5,2026-10-01T15:41:00.736285,PY-BASICS-01,IT-B01-01,1,0,1,6.9,0,1.0
syn_erratic_08,P-ERRATIC,6,2026-10-01T15:41:30.524901,PY-BASICS-01,IT-B01-02,1,1,1,7.2,0,1.0
syn_erratic_08,P-ERRATIC,7,2026-10-01T15:42:45.697215,PY-BASICS-01,IT-B01-03,1,1,2,17.8,0,1.0
syn_erratic_08,P-ERRATIC,8,2026-10-01T15:43:18.635957,PY-BASICS-02,IT-B02-01,1,0,1,11.0,0,0.5733
syn_erratic_08,P-ERRATIC,9,2026-10-01T15:44:20.678936,PY-BASICS-02,IT-B02-02,2,0,1,17.4,0,0.5733
syn_erratic_08,P-ERRATIC,10,2026-10-01T18:46:01.957582,PY-BASICS-02,IT-B02-03,2,0,1,7.6,0,0.5733
syn_erratic_08,P-ERRATIC,11,2026-10-01T18:47:07.871432,PY-BASICS-02,IT-B02-04,3,1,1,13.0,0,0.5733
syn_erratic_08,P-ERRATIC,12,2026-10-01T18:47:57.834244,PY-BASICS-02,IT-B02-01,1,1,1,9.6,0,0.5733
syn_erratic_08,P-ERRATIC,13,2026-10-01T18:49:01.969876,PY-BASICS-02,IT-B02-02,2,1,1,12.0,0,0.5733
syn_erratic_08,P-ERRATIC,14,2026-10-01T18:49:27.946683,PY-BASICS-02,IT-B02-03,2,0,1,9.7,0,0.5733
syn_erratic_08,P-ERRATIC,15,2026-10-01T18:49:55.592464,PY-BASICS-03,IT-B03-01,1,0,1,10.6,0,0.5733
syn_erratic_08,P-ERRATIC,16,2026-10-01T18:50:47.357882,PY-BASICS-03,IT-B03-02,2,1,1,7.9,0,0.5733
syn_erratic_08,P-ERRATIC,17,2026-10-01T18:51:55.212587,PY-BASICS-03,IT-B03-03,2,1,3,26.9,0,0.5733
syn_erratic_08,P-ERRATIC,18,2026-10-01T18:52:54.613436,PY-BASICS-03,IT-B03-04,3,1,1,15.1,0,0.5733
syn_erratic_08,P-ERRATIC,19,2026-10-01T18:53:49.526591,PY-BASICS-03,IT-B03-01,1,0,1,5.4,0,0.5733
syn_erratic_08,P-ERRATIC,20,2026-10-01T22:00:29.593726,PY-BASICS-03,IT-B03-02,2,1,2,15.4,0,0.5733
syn_erratic_08,P-ERRATIC,21,2026-10-01T22:01:20.405439,PY-BASICS-03,IT-B03-03,2,1,1,13.4,0,0.5733
syn_erratic_08,P-ERRATIC,22,2026-10-01T22:02:15.327819,PY-FLOW-01,IT-F01-01,2,0,1,11.7,0,0.7286
syn_erratic_08,P-ERRATIC,23,2026-10-01T22:03:01.663044,PY-FLOW-01,IT-F01-02,2,0,1,18.3,0,0.7286
syn_erratic_08,P-ERRATIC,24,2026-10-01T22:04:22.112302,PY-FLOW-01,IT-F01-03,2,0,1,22.4,0,0.7286
syn_erratic_08,P-ERRATIC,25,2026-10-01T22:05:20.744819,PY-FLOW-01,IT-F01-04,3,0,2,21.9,0,0.7286
syn_erratic_08,P-ERRATIC,26,2026-10-01T22:06:17.955786,PY-FLOW-01,IT-F01-01,2,1,1,6.0,0,0.7286
syn_erratic_08,P-ERRATIC,27,2026-10-01T22:07:11.480374,PY-FLOW-01,IT-F01-02,2,0,1,7.7,0,0.7286
syn_erratic_08,P-ERRATIC,28,2026-10-01T22:07:53.064898,PY-FLOW-01,IT-F01-03,2,0,1,13.2,0,0.7286
syn_erratic_08,P-ERRATIC,29,2026-10-01T22:08:26.148684,PY-FLOW-02,IT-F02-01,2,0,1,14.8,0,0.1496
syn_erratic_08,P-ERRATIC,30,2026-10-02T00:44:53.494269,PY-FLOW-02,IT-F02-02,3,1,1,13.2,0,0.1496
syn_erratic_08,P-ERRATIC,31,2026-10-02T00:45:39.985570,PY-FLOW-02,IT-F02-03,3,1,1,9.7,0,0.1496
syn_erratic_08,P-ERRATIC,32,2026-10-02T00:46:12.166606,PY-FLOW-02,IT-F02-04,3,0,1,8.0,0,0.1496
syn_erratic_08,P-ERRATIC,33,2026-10-02T00:47:11.066318,PY-FLOW-02,IT-F02-01,2,0,1,16.6,0,0.1496
syn_erratic_08,P-ERRATIC,34,2026-10-02T00:47:49.732530,PY-FLOW-02,IT-F02-02,3,0,1,9.6,0,0.1496
syn_erratic_08,P-ERRATIC,35,2026-10-02T00:49:00.158860,PY-FLOW-02,IT-F02-03,3,1,1,23.1,0,0.1496
syn_erratic_08,P-ERRATIC,36,2026-10-02T00:50:25.997849,PY-FLOW-03,IT-F03-01,2,0,1,37.8,0,0.1496
syn_erratic_08,P-ERRATIC,37,2026-10-02T00:51:32.332830,PY-FLOW-03,IT-F03-02,2,1,1,12.6,0,0.1496
syn_erratic_08,P-ERRATIC,38,2026-10-02T00:52:54.924666,PY-FLOW-03,IT-F03-03,3,1,2,23.7,0,0.1496
syn_erratic_08,P-ERRATIC,39,2026-10-02T00:53:42.509143,PY-FLOW-03,IT-F03-04,3,1,2,26.7,0,0.1496
syn_erratic_08,P-ERRATIC,40,2026-10-02T03:48:37.444394,PY-FLOW-03,IT-F03-01,2,1,1,8.4,0,0.1496
syn_erratic_08,P-ERRATIC,41,2026-10-02T03:49:18.704609,PY-FLOW-03,IT-F03-02,2,1,1,11.9,0,0.1496
syn_erratic_08,P-ERRATIC,42,2026-10-02T03:50:19.395875,PY-FLOW-03,IT-F03-03,3,0,2,24.7,0,0.1496
syn_erratic_08,P-ERRATIC,43,2026-10-02T03:51:08.132100,PY-FLOW-03,IT-F03-04,3,0,1,21.7,0,0.1496
syn_erratic_08,P-ERRATIC,44,2026-10-02T03:51:45.288450,PY-FLOW-03,IT-F03-01,2,0,1,11.0,0,0.1496
syn_erratic_08,P-ERRATIC,45,2026-10-02T03:52:14.244974,PY-FLOW-03,IT-F03-02,2,1,1,9.6,0,0.1496
syn_erratic_09,P-ERRATIC,1,2026-10-01T11:29:40.245358,PY-BASICS-01,IT-B01-01,1,0,1,10.8,0,1.0
syn_erratic_09,P-ERRATIC,2,2026-10-01T11:30:31.037343,PY-BASICS-01,IT-B01-02,1,0,1,8.1,0,1.0
syn_erratic_09,P-ERRATIC,3,2026-10-01T11:31:04.809506,PY-BASICS-01,IT-B01-03,1,0,1,7.6,0,1.0
syn_erratic_09,P-ERRATIC,4,2026-10-01T11:32:08.048344,PY-BASICS-01,IT-B01-04,2,1,1,9.3,0,1.0
syn_erratic_09,P-ERRATIC,5,2026-10-01T11:32:43.834829,PY-BASICS-01,IT-B01-01,1,1,2,13.6,0,1.0
syn_erratic_09,P-ERRATIC,6,2026-10-01T11:33:28.569441,PY-BASICS-01,IT-B01-02,1,0,1,15.0,0,1.0
syn_erratic_09,P-ERRATIC,7,2026-10-01T11:34:36.765358,PY-BASICS-01,IT-B01-03,1,0,3,27.2,0,1.0
syn_erratic_09,P-ERRATIC,8,2026-10-01T11:35:38.737529,PY-BASICS-02,IT-B02-01,1,0,2,32.9,0,0.2917
syn_erratic_09,P-ERRATIC,9,2026-10-01T11:36:33.077991,PY-BASICS-02,IT-B02-02,2,0,1,5.0,0,0.2917
syn_erratic_09,P-ERRATIC,10,2026-10-01T14:24:33.823493,PY-BASICS-02,IT-B02-03,2,1,1,10.8,0,0.2917
syn_erratic_09,P-ERRATIC,11,2026-10-01T14:25:28.367680,PY-BASICS-02,IT-B02-04,3,0,1,17.1,0,0.2917
syn_erratic_09,P-ERRATIC,12,2026-10-01T14:26:04.552002,PY-BASICS-02,IT-B02-01,1,0,1,7.3,0,0.2917
syn_erratic_09,P-ERRATIC,13,2026-10-01T14:26:30.794935,PY-BASICS-02,IT-B02-02,2,0,1,10.2,0,0.2917
syn_erratic_09,P-ERRATIC,14,2026-10-01T14:27:38.930411,PY-BASICS-02,IT-B02-03,2,0,1,10.6,0,0.2917
syn_erratic_09,P-ERRATIC,15,2026-10-01T14:28:24.275412,PY-BASICS-03,IT-B03-01,1,0,2,7.6,0,0.2917
syn_erratic_09,P-ERRATIC,16,2026-10-01T14:29:32.676310,PY-BASICS-03,IT-B03-02,2,0,2,9.9,0,0.2917
syn_erratic_09,P-ERRATIC,17,2026-10-01T14:30:12.157809,PY-BASICS-03,IT-B03-03,2,1,1,14.8,0,0.2917
syn_erratic_09,P-ERRATIC,18,2026-10-01T14:31:00.238088,PY-BASICS-03,IT-B03-04,3,1,1,17.2,0,0.2917
syn_erratic_09,P-ERRATIC,19,2026-10-01T14:31:30.512406,PY-BASICS-03,IT-B03-01,1,1,1,13.0,0,0.2917
syn_erratic_09,P-ERRATIC,20,2026-10-01T18:14:45.937932,PY-BASICS-03,IT-B03-02,2,1,1,17.1,0,0.2917
syn_erratic_09,P-ERRATIC,21,2026-10-01T18:15:52.679634,PY-BASICS-03,IT-B03-03,2,0,1,22.3,0,0.2917
syn_erratic_09,P-ERRATIC,22,2026-10-01T18:16:43.056042,PY-FLOW-01,IT-F01-01,2,0,1,14.2,0,0.5842
syn_erratic_09,P-ERRATIC,23,2026-10-01T18:17:31.407126,PY-FLOW-01,IT-F01-02,2,1,1,9.2,0,0.5842
syn_erratic_09,P-ERRATIC,24,2026-10-01T18:18:52.129882,PY-FLOW-01,IT-F01-03,2,1,2,27.6,0,0.5842
syn_erratic_09,P-ERRATIC,25,2026-10-01T18:19:51.421632,PY-FLOW-01,IT-F01-04,3,1,1,24.9,0,0.5842
syn_erratic_09,P-ERRATIC,26,2026-10-01T18:20:56.432140,PY-FLOW-01,IT-F01-01,2,0,2,10.3,0,0.5842
syn_erratic_09,P-ERRATIC,27,2026-10-01T18:21:58.870003,PY-FLOW-01,IT-F01-02,2,1,1,14.7,0,0.5842
syn_erratic_09,P-ERRATIC,28,2026-10-01T18:23:10.843557,PY-FLOW-01,IT-F01-03,2,0,1,22.6,0,0.5842
syn_erratic_09,P-ERRATIC,29,2026-10-01T18:23:58.210738,PY-FLOW-02,IT-F02-01,2,0,1,15.9,0,0.5628
syn_erratic_09,P-ERRATIC,30,2026-10-01T21:20:12.371706,PY-FLOW-02,IT-F02-02,3,0,1,8.6,0,0.5628
syn_erratic_09,P-ERRATIC,31,2026-10-01T21:20:55.131195,PY-FLOW-02,IT-F02-03,3,1,1,19.0,0,0.5628
syn_erratic_09,P-ERRATIC,32,2026-10-01T21:21:44.926227,PY-FLOW-02,IT-F02-04,3,1,1,9.9,0,0.5628
syn_erratic_09,P-ERRATIC,33,2026-10-01T21:22:19.735156,PY-FLOW-02,IT-F02-01,2,0,1,16.5,0,0.5628
syn_erratic_09,P-ERRATIC,34,2026-10-01T21:23:05.426655,PY-FLOW-02,IT-F02-02,3,0,1,8.0,0,0.5628
syn_erratic_09,P-ERRATIC,35,2026-10-01T21:24:10.824840,PY-FLOW-02,IT-F02-03,3,0,2,16.0,0,0.5628
syn_erratic_09,P-ERRATIC,36,2026-10-01T21:24:55.912270,PY-FLOW-03,IT-F03-01,2,0,1,17.5,0,0.5628
syn_erratic_09,P-ERRATIC,37,2026-10-01T21:26:10.921352,PY-FLOW-03,IT-F03-02,2,1,1,15.5,0,0.5628
syn_erratic_09,P-ERRATIC,38,2026-10-01T21:27:11.439291,PY-FLOW-03,IT-F03-03,3,1,1,14.9,0,0.5628
syn_erratic_09,P-ERRATIC,39,2026-10-01T21:27:45.185787,PY-FLOW-03,IT-F03-04,3,0,1,13.4,0,0.5628
syn_erratic_09,P-ERRATIC,40,2026-10-01T23:58:04.897929,PY-FLOW-03,IT-F03-01,2,0,1,15.7,0,0.5628
syn_erratic_09,P-ERRATIC,41,2026-10-01T23:59:02.168304,PY-FLOW-03,IT-F03-02,2,0,1,6.5,0,0.5628
syn_erratic_10,P-ERRATIC,1,2026-10-01T12:05:17.837644,PY-BASICS-01,IT-B01-01,1,0,2,12.1,0,1.0
syn_erratic_10,P-ERRATIC,2,2026-10-01T12:06:15.911077,PY-BASICS-01,IT-B01-02,1,0,1,9.1,0,1.0
syn_erratic_10,P-ERRATIC,3,2026-10-01T12:06:47.068682,PY-BASICS-01,IT-B01-03,1,1,2,7.2,0,1.0
syn_erratic_10,P-ERRATIC,4,2026-10-01T12:07:44.579195,PY-BASICS-01,IT-B01-04,2,0,1,19.6,0,1.0
syn_erratic_10,P-ERRATIC,5,2026-10-01T12:08:29.082701,PY-BASICS-01,IT-B01-01,1,0,1,7.0,0,1.0
syn_erratic_10,P-ERRATIC,6,2026-10-01T12:08:59.621352,PY-BASICS-01,IT-B01-02,1,1,1,13.5,0,1.0
syn_erratic_10,P-ERRATIC,7,2026-10-01T12:09:27.687989,PY-BASICS-01,IT-B01-03,1,1,1,6.9,0,1.0
syn_erratic_10,P-ERRATIC,8,2026-10-01T12:10:06.174821,PY-BASICS-02,IT-B02-01,1,1,1,8.5,0,0.4582
syn_erratic_10,P-ERRATIC,9,2026-10-01T12:10:54.193308,PY-BASICS-02,IT-B02-02,2,0,1,11.7,0,0.4582
syn_erratic_10,P-ERRATIC,10,2026-10-01T15:12:37.602495,PY-BASICS-02,IT-B02-03,2,1,1,11.5,0,0.4582
syn_erratic_10,P-ERRATIC,11,2026-10-01T15:13:34.700253,PY-BASICS-02,IT-B02-04,3,0,1,18.9,0,0.4582
syn_erratic_10,P-ERRATIC,12,2026-10-01T15:14:14.458716,PY-BASICS-02,IT-B02-01,1,1,1,10.0,0,0.4582
syn_erratic_10,P-ERRATIC,13,2026-10-01T15:15:12.546781,PY-BASICS-02,IT-B02-02,2,0,2,15.5,0,0.4582
syn_erratic_10,P-ERRATIC,14,2026-10-01T15:15:45.859373,PY-BASICS-02,IT-B02-03,2,0,1,11.0,0,0.4582
syn_erratic_10,P-ERRATIC,15,2026-10-01T15:16:52.837081,PY-BASICS-03,IT-B03-01,1,0,2,7.4,0,0.4582
syn_erratic_10,P-ERRATIC,16,2026-10-01T15:17:56.906452,PY-BASICS-03,IT-B03-02,2,0,1,15.8,0,0.4582
syn_erratic_10,P-ERRATIC,17,2026-10-01T15:18:38.871997,PY-BASICS-03,IT-B03-03,2,0,1,13.5,0,0.4582
syn_erratic_10,P-ERRATIC,18,2026-10-01T15:19:47.408802,PY-BASICS-03,IT-B03-04,3,0,3,38.4,0,0.4582
syn_erratic_10,P-ERRATIC,19,2026-10-01T15:20:49.381824,PY-BASICS-03,IT-B03-01,1,1,2,9.7,0,0.4582
syn_erratic_10,P-ERRATIC,20,2026-10-01T18:38:14.795374,PY-BASICS-03,IT-B03-02,2,0,1,27.8,0,0.4582
syn_erratic_10,P-ERRATIC,21,2026-10-01T18:39:03.385949,PY-BASICS-03,IT-B03-03,2,1,3,20.1,0,0.4582
syn_erratic_10,P-ERRATIC,22,2026-10-01T18:40:05.194646,PY-FLOW-01,IT-F01-01,2,0,1,10.1,0,0.3153
syn_erratic_10,P-ERRATIC,23,2026-10-01T18:40:43.370747,PY-FLOW-01,IT-F01-02,2,0,1,6.6,0,0.3153
syn_erratic_10,P-ERRATIC,24,2026-10-01T18:41:40.592035,PY-FLOW-01,IT-F01-03,2,1,1,11.9,0,0.3153
syn_erratic_10,P-ERRATIC,25,2026-10-01T18:42:54.687446,PY-FLOW-01,IT-F01-04,3,0,1,15.0,0,0.3153
syn_erratic_10,P-ERRATIC,26,2026-10-01T18:43:45.754042,PY-FLOW-01,IT-F01-01,2,0,1,9.8,0,0.3153
syn_erratic_10,P-ERRATIC,27,2026-10-01T18:45:04.108009,PY-FLOW-01,IT-F01-02,2,0,2,27.5,0,0.3153
syn_erratic_10,P-ERRATIC,28,2026-10-01T18:46:07.247599,PY-FLOW-01,IT-F01-03,2,1,1,15.5,0,0.3153
syn_erratic_10,P-ERRATIC,29,2026-10-01T18:47:05.909563,PY-FLOW-02,IT-F02-01,2,1,1,12.7,0,0.3008
syn_erratic_10,P-ERRATIC,30,2026-10-01T21:28:54.620612,PY-FLOW-02,IT-F02-02,3,1,2,21.2,0,0.3008
syn_erratic_10,P-ERRATIC,31,2026-10-01T21:30:08.538793,PY-FLOW-02,IT-F02-03,3,0,1,15.4,0,0.3008
syn_erratic_10,P-ERRATIC,32,2026-10-01T21:31:18.469473,PY-FLOW-02,IT-F02-04,3,0,1,19.7,0,0.3008
syn_erratic_10,P-ERRATIC,33,2026-10-01T21:32:31.396764,PY-FLOW-02,IT-F02-01,2,0,1,23.0,0,0.3008
syn_erratic_10,P-ERRATIC,34,2026-10-01T21:33:42.990312,PY-FLOW-02,IT-F02-02,3,0,1,30.6,0,0.3008
syn_erratic_10,P-ERRATIC,35,2026-10-01T21:34:52.653317,PY-FLOW-02,IT-F02-03,3,0,2,22.2,0,0.3008
syn_erratic_10,P-ERRATIC,36,2026-10-01T21:35:54.111864,PY-FLOW-03,IT-F03-01,2,1,1,20.2,0,0.3008
syn_erratic_10,P-ERRATIC,37,2026-10-01T21:36:29.284907,PY-FLOW-03,IT-F03-02,2,1,1,12.5,0,0.3008
